DocLabel,Speaker Label,Displayed Speaker Name,Full Speaker Name,First Turn,RangeFrom,RangeTo,Notes,,,,
gs001-1,A,Daniel,Daniel Friedman,,,,,,,,
gs001-1,B,,,,,,,,,,
gs001-1,C,,,,,,,,,,
gs002-1,A,Daniel,Daniel Friedman,,,,,,,,
gs002-1,B,,,,,,,,,,
gs002-1,C,,,,,,,,,,
gs003-1,A,Daniel,,,,,,,,,
gs003-1,B,,,,,,,,,,
gs003-1,C,,,,,,,,,,
gs004-1,A,Daniel,,,,,,,,,
gs004-1,B,,,,,,,,,,
gs004-1,C,,,,,,,,,,
gs005-1,A,Daniel,,,,,,,,,
gs005-1,B,,,,,,,,,,
gs005-1,C,,,,,,,,,,
gs006-1,A,Daniel,,,,,,,,,
gs006-1,B,,,,,,,,,,
gs006-1,C,,,,,,,,,,
gs007-1,A,Daniel,,,,,,,,,
gs007-1,B,,,,,,,,,,
gs007-1,C,,,,,,,,,,
gs008-1,A,Daniel,,,,,,,,,
gs008-1,B,,,,,,,,,,
gs008-1,C,,,,,,,,,,
gs009-1,A,Daniel,,,,,,,,,
gs009-1,B,,,,,,,,,,
gs009-1,C,,,,,,,,,,
gs010-1,A,Daniel,,,,,,,,,
gs010-1,B,,,,,,,,,,
gs010-1,C,,,,,,,,,,
gs011-1,A,Daniel,,,,,,,,,
gs011-1,B,,,,,,,,,,
gs011-1,C,,,,,,,,,,
gs012-1,A,Daniel,,,,,,,,,
gs012-1,B,,,,,,,,,,
gs012-1,C,,,,,,,,,,
gs013-1,A,Daniel,,,,,,,,,
gs013-1,B,,,,,,,,,,
gs013-1,C,,,,,,,,,,
gs014-1,A,Daniel,Daniel Friedman,00:06,,,,,,,
gs014-1,B,Robert,Robert Shaw,01:00,,,,,,,
gs014-1,C,Francesco,Francesco Cerritelli,01:20,,,,,,,
gs014-1,D,Jorge,Jorge Esteves,01:52,,,,,,,
gs014-1,E,Lucas,Lucas Bohlen,01:11,,,,,,,
gs015-1,A,Daniel,Daniel Friedman,00:00,,,,,,,
gs015-1,B,Bobby,Bobby Azarian,00:01,,,,,,,
gs015-2,A,Daniel,Daniel Friedman,00:06,,,,,,,
gs015-2,B,Bobby,Bobby Azarian,00:39,,,,,,,
gs015-3,A,Bobby,Bobby Azarian,,,,,,,,
gs015-3,B,Daniel,Daniel Friedman,,,,,,,,
gs015-3,C,Adam,Adam Safron,,,,,,,,
gs015-3,D,Michael,Michael H.,'03:16,,,Systems Science,,,,
gs015-3,E,Brendan,Brendan Graham Dempsey,,,,Johns Hopkins Center for Psychedelic and Consciousness Research. Author (with Adyahanzi) of “Emergentism”,,,,
,,,,,,,,,,,
,,,,,,,,,,,
gs016-1,A,Daniel,,,,,,,,,
gs016-1,B,,,,,,,,,,
gs016-1,C,,,,,,,,,,
gs016-2,A,Daniel,,,,,,,,,
gs016-2,B,,,,,,,,,,
gs016-2,C,,,,,,,,,,
gs017-1,A,Daniel,Daniel Friedman,00:07,,,,,,,
gs017-1,B,Mahault,Mahault Albarracin,00:45,,,,,,,
gs018-1,A,Daniel,Daniel Friedman,0:07,,,,,,,
gs018-1,B,Michael,Michael Kirchhoff,00:50,,,,,,,
gs018-1,C,Julian,Julian Kiverstein,40:15,,,,,,,
gs018-1,D,Dean,Dean Tickles,48:37,,,,,,,
gs018-1,E,Dave,David Douglass,1:02:35,,,,,,,
gs018-1,F,Stephen,Stephen Sillett,1:13:52,,,,,,,
gs019-1,A,Daniel,Daniel Friedman,00:06,,,,,,,
gs019-1,B,Marco,Marco Facchin,00:44,,,,,,,
gs020-1,A,Daniel,Daniel Friedman,00:07,,,,,,,
gs020-1,B,Shannon,Shannon Proksch,00:38,,,,,,,
gs021-1,A,Daniel,Daniel Friedman,00:08,,,,,,,
gs021-1,B,Adam,Adam Safron,00:36,,,,,,,
gs022-1,A,Daniel,Daniel Friedman,00:07,,,,,,,
gs022-1,B,Anna,Anna Lembke,00:31,,,,,,,
gs023-1,A,Daniel,Daniel Friedman,00:06,,,,,,,
gs023-1,B,Maxwell,Maxwell J D Ramstead,00:38,,,,,,,
gs023-1,C,Dalton,Dalton A R Sakthivadivel,01:10,,,,,,,
gs024-1,A,Daniel,,,,,,,,,
gs024-1,B,,,,,,,,,,
gs024-1,C,,,,,,,,,,
gs025-1,A,Daniel,Daniel Friedman,00:07,,,,,,,
gs025-1,B,Brett,Brett P. Andersen,00:42,,,,,,,
gs026-1,A,Daniel,Daniel Friedman,00:06,,,,,,,
gs026-1,B,Ronen,Ronen Tamari,00:40,,,,,,,
gs026-1,C,Will,William Fischer,38:54,,,,,,,
gs027-1,A,Daniel,Daniel Friedman,00:09,,,,,,,
gs027-1,B,John,John Vervaeke,00:28,,,,,,,
gs028-1,A,Daniel,Daniel Friedman,00:08,,,,,,,
gs028-1,B,Giovanni,Giovanni Rolla,00:33,,,,,,,
gs029-1,A,Daniel,Daniel Friedman,00:07,,,,,,,
gs029-1,B,Shanna,Shanna Dobson,00:44,,,,,,,
gs030-1,A,Daniel,Daniel Friedman,00:06,,,,,,,
gs030-1,B,Kyrtin,Kyrtin Atreides,00:32,,,,,,,
gs031-1,A,Daniel,Daniel Friedman,00:06,,,,,,,
gs031-1,B,Brett,Brett Kagan,00:43,,,,,,,
gs031-1,C,Adeel,Adeel Razi,43:56,,,,,,,
gs032-1,A,Daniel,Daniel Friedman,,,,,,,,
gs032-1,B,Adam,Adam Pease,,,,,,,,
gs032-1,C,Dave,Dave Douglass,,,,,,,,
gs033-1,A,Daniel,Daniel Friedman,00:06,,,,,,,
gs033-1,B,Ronen,Ronen Tamari,00:40,,,,,,,
gs033-1,C,Will,William Fischer,38:54,,,,,,,
gs034-1,A,Alexi,Alexis Rozanski,00:00,53:22,,,,,,
gs034-1,B,Daniel,Daniel Friedman,00:06,,,,,,,
gs034-1,C,Avel,Avel Guénin-Carlut,00:46,,,,,,,
gs034-1,D,Maxwell,Maxwell Ramstead ,1:06:27,,,,,,,
gs035-1,A,Daniel,Daniel Friedman,00:05,,,,,,,
gs035-1,B,Jordan,Jordan Hall,00:41,,,,,,,
gs035-1,C,Matthew,Matthew Pirkowski,1:05:21,,,,,,,
gs036-1,A,Daniel,Daniel Friedman,00:05,,,,,,,
gs036-1,B,Ben,Benjamin Falandays,00:26,,,,,,,
gs037-1,A,Daniel,Daniel Friedman,00:07,,,,,,,
gs037-1,B,Baba,Baba Brinkman,00:34,,,,,,,
gs037-1,C,Baba rapping,Baba Brinkman rapping,05:04,,,,,,,
gs038-1,A,Daniel,Daniel Friedman,00:06,,,,,,,
gs038-1,B,Max,Max Berg,00:29,,,,,,,
gs039-1,A,Daniel,Daniel Friedman,00:07,,,,,,,
gs039-1,B,Eric,Eric Elmoznino,,,,,,,,
gs039-1,C,Xu,Xu Ji,,,,,,,,
gs039-1,D,Guillaume,Guillaume Dumas,52:08,,,,,,,
gs040-1,A,Daniel,Daniel Friedman,,,,,,,,
gs040-1,B,Wanja,Wanja Wiese,,,,,,,,
gs041-1,B,Daniel,Daniel Friedman,,,,,,,,
gs041-1,A,Elliot,Elliot Murphy,,,,,,,,
gs041-1,C,Steve,Steven Piantadosi,,,,,,,,
gs042-1,B,Daniel,Daniel Friedman,00:07,,,,,,,
gs042-1,C,Juan,Juan Diego Bogotá,00:38,,,,,,,
gs042-1,A,Zakaria,Zakaria Djebbara,15:47,,,,,,,
gs042-1,D,Dean,Dean Tickles,47:42,,,,,,,
gs042-1,E,Ali,Ali Rahmjoo,47:47,,,,,,,
,,,,,,,,,,,
,,,,,,,,,,,
,,,,,,,,,,,
,,,,,,,,,,,
gsxxx,A,Daniel,,,,,,,,,
gsxxx,B,,,1,32,23,5552,,,,
gsxxx,C,,,,,,,,,,
ls001,A,Daniel,,,,,,,,,
ls001,B,,,,,,,,,,
ls001,C,,,,,,,,,,
ls002,A,Daniel,,,,,,,,,
ls002,B,,,,,,,,,,
ls002,C,,,,,,,,,,
ls003-1,A,Daniel,,,,,,,,,
ls003-1,B,,,,,,,,,,
ls003-1,C,,,,,,,,,,
ls003-2,A,Daniel,,,,,,,,,
ls003-2,B,,,,,,,,,,
ls003-2,C,,,,,,,,,,
ls004-1,A,Daniel,,,,,,,,,
ls004-1,B,,,,,,,,,,
ls004-1,C,,,,,,,,,,
ls004-2,A,Daniel,,,,,,,,,
ls004-2,B,,,,,,,,,,
ls004-2,C,,,,,,,,,,
ls005-0,A,Daniel,,,,,,,,,
ls005-0,B,,,,,,,,,,
ls005-0,C,,,,,,,,,,
ls005-1,A,Daniel,,,,,,,,,
ls005-1,B,,,,,,,,,,
ls005-1,C,,,,,,,,,,
ls005-2,A,Daniel,,,,,,,,,
ls005-2,B,,,,,,,,,,
ls005-2,C,,,,,,,,,,
ls006-0,A,Daniel,,,,,,,,,
ls006-0,B,,,,,,,,,,
ls006-0,C,,,,,,,,,,
ls006-1,A,Daniel,,,,,,,,,
ls006-1,B,,,,,,,,,,
ls006-1,C,,,,,,,,,,
ls006-2,A,Daniel,,,,,,,,,
ls006-2,B,,,,,,,,,,
ls006-2,C,,,,,,,,,,
ls007-0,A,Daniel,,,,,,,,,
ls007-0,B,,,,,,,,,,
ls007-0,C,,,,,,,,,,
ls007-1,A,Daniel,,,,,,,,,
ls007-1,B,,,,,,,,,,
ls007-1,C,,,,,,,,,,
ls007-2,A,Daniel,,,,,,,,,
ls007-2,B,,,,,,,,,,
ls007-2,C,,,,,,,,,,
ls008-0,A,Daniel,,,,,,,,,
ls008-0,B,,,,,,,,,,
ls008-0,C,,,,,,,,,,
ls008-1,A,Daniel,,,,,,,,,
ls008-1,B,,,,,,,,,,
ls008-1,C,,,,,,,,,,
ls008-2,A,Daniel,,,,,,,,,
ls008-2,B,,,,,,,,,,
ls008-2,C,,,,,,,,,,
ls009-0,A,Daniel,,,,,,,,,
ls009-0,B,,,,,,,,,,
ls009-0,C,,,,,,,,,,
ls009-1,A,Daniel,,,,,,,,,
ls009-1,B,,,,,,,,,,
ls009-1,C,,,,,,,,,,
ls009-2,A,Daniel,,,,,,,,,
ls009-2,B,,,,,,,,,,
ls009-2,C,,,,,,,,,,
ls010-0,A,Daniel,,,,,,,,,
ls010-0,B,,,,,,,,,,
ls010-0,C,,,,,,,,,,
ls010-1,A,Daniel,,,,,,,,,
ls010-1,B,,,,,,,,,,
ls010-1,C,,,,,,,,,,
ls010-2,A,Daniel,,,,,,,,,
ls010-2,B,,,,,,,,,,
ls010-2,C,,,,,,,,,,
ls011-0,A,Daniel,,,,,,,,,
ls011-0,B,,,,,,,,,,
ls011-0,C,,,,,,,,,,
ls011-1,A,Daniel,,,,,,,,,
ls011-1,B,,,,,,,,,,
ls011-1,C,,,,,,,,,,
ls011-2,A,Daniel,,,,,,,,,
ls011-2,B,,,,,,,,,,
ls011-2,C,,,,,,,,,,
ls012-0,A,Daniel,,,,,,,,,
ls012-0,B,,,,,,,,,,
ls012-0,C,,,,,,,,,,
ls013-0,A,Daniel,,,,,,,,,
ls013-0,B,,,,,,,,,,
ls013-0,C,,,,,,,,,,
ls013-1,A,Daniel,,,,,,,,,
ls013-1,B,,,,,,,,,,
ls013-1,C,,,,,,,,,,
ls013-2,A,Daniel,,,,,,,,,
ls013-2,B,,,,,,,,,,
ls013-2,C,,,,,,,,,,
ls014-0,A,Daniel,,,,,,,,,
ls014-0,B,,,,,,,,,,
ls014-0,C,,,,,,,,,,
ls014-1,A,Daniel,,,,,,,,,
ls014-1,B,,,,,,,,,,
ls014-1,C,,,,,,,,,,
ls014-2,A,Daniel,,,,,,,,,
ls014-2,B,,,,,,,,,,
ls014-2,C,,,,,,,,,,
ls015-0,A,Daniel,,,,,,,,,
ls015-0,B,,,,,,,,,,
ls015-0,C,,,,,,,,,,
ls015-1,A,Daniel,,,,,,,,,
ls015-1,B,,,,,,,,,,
ls015-1,C,,,,,,,,,,
ls015-2,A,Daniel,,,,,,,,,
ls015-2,B,,,,,,,,,,
ls015-2,C,,,,,,,,,,
ls016-0,A,Daniel,,,,,,,,,
ls016-0,B,,,,,,,,,,
ls016-0,C,,,,,,,,,,
ls016-1,A,Daniel,,,,,,,,,
ls016-1,B,,,,,,,,,,
ls016-1,C,,,,,,,,,,
ls016-2,A,Daniel,,,,,,,,,
ls016-2,B,,,,,,,,,,
ls016-2,C,,,,,,,,,,
ls017-0,A,Daniel,,,,,,,,,
ls017-0,B,,,,,,,,,,
ls017-0,C,,,,,,,,,,
ls017-1,A,Daniel,,,,,,,,,
ls017-1,B,,,,,,,,,,
ls017-1,C,,,,,,,,,,
ls017-2,A,Daniel,,,,,,,,,
ls017-2,B,,,,,,,,,,
ls017-2,C,,,,,,,,,,
ls018-0,A,Daniel,,,,,,,,,
ls018-0,B,,,,,,,,,,
ls018-0,C,,,,,,,,,,
ls018-1,A,Daniel,,,,,,,,,
ls018-1,B,,,,,,,,,,
ls018-1,C,,,,,,,,,,
ls018-2,A,Daniel,,,,,,,,,
ls018-2,B,,,,,,,,,,
ls018-2,C,,,,,,,,,,
ls019-0,A,Daniel,,,,,,,,,
ls019-0,B,,,,,,,,,,
ls019-0,C,,,,,,,,,,
ls019-1,A,Daniel,,,,,,,,,
ls019-1,B,,,,,,,,,,
ls019-1,C,,,,,,,,,,
ls019-2,A,Daniel,,,,,,,,,
ls019-2,B,,,,,,,,,,
ls019-2,C,,,,,,,,,,
ls020-0,A,Daniel,,,,,,,,,
ls020-0,B,,,,,,,,,,
ls020-0,C,,,,,,,,,,
ls020-1,A,Daniel,,,,,,,,,
ls020-1,B,,,,,,,,,,
ls020-1,C,,,,,,,,,,
ls020-2,A,Daniel,,,,,,,,,
ls020-2,B,,,,,,,,,,
ls020-2,C,,,,,,,,,,
ls021-1,A,Daniel,,,,,,,,,
ls021-1,B,,,,,,,,,,
ls021-1,C,,,,,,,,,,
ls021-2,A,Daniel,,,,,,,,,
ls021-2,B,,,,,,,,,,
ls021-2,C,,,,,,,,,,
ls022-0,A,Daniel,,,,,,,,,
ls022-0,B,,,,,,,,,,
ls022-0,C,,,,,,,,,,
ls022-1,A,Daniel,,,,,,,,,
ls022-1,B,,,,,,,,,,
ls022-1,C,,,,,,,,,,
ls022-2,A,Daniel,,,,,,,,,
ls022-2,B,,,,,,,,,,
ls022-2,C,,,,,,,,,,
ls023-0,A,Daniel,,,,,,,,,
ls023-0,B,,,,,,,,,,
ls023-0,C,,,,,,,,,,
ls023-1,A,Daniel,,,,,,,,,
ls023-1,B,,,,,,,,,,
ls023-1,C,,,,,,,,,,
ls023-2,A,Daniel,,,,,,,,,
ls023-2,B,,,,,,,,,,
ls023-2,C,,,,,,,,,,
ls024-0,A,Daniel,,,,,,,,,
ls024-0,B,,,,,,,,,,
ls024-0,C,,,,,,,,,,
ls024-1,A,Daniel,,,,,,,,,
ls024-1,B,,,,,,,,,,
ls024-1,C,,,,,,,,,,
ls024-2,A,Daniel,,,,,,,,,
ls024-2,B,,,,,,,,,,
ls024-2,C,,,,,,,,,,
ls025-0,A,Daniel,,,,,,,,,
ls025-0,B,,,,,,,,,,
ls025-0,C,,,,,,,,,,
ls025-1,A,Daniel,,,,,,,,,
ls025-1,B,,,,,,,,,,
ls025-1,C,,,,,,,,,,
ls025-2,A,Daniel,,,,,,,,,
ls025-2,B,,,,,,,,,,
ls025-2,C,,,,,,,,,,
ls026-0,A,Daniel,,,,,,,,,
ls026-0,B,,,,,,,,,,
ls026-0,C,,,,,,,,,,
ls026-1,A,Daniel,,,,,,,,,
ls026-1,B,,,,,,,,,,
ls026-1,C,,,,,,,,,,
ls026-2,A,Daniel,,,,,,,,,
ls026-2,B,,,,,,,,,,
ls026-2,C,,,,,,,,,,
ls027-0,A,Daniel,,,,,,,,,
ls027-0,B,,,,,,,,,,
ls027-0,C,,,,,,,,,,
ls027-1,A,Daniel,,,,,,,,,
ls027-1,B,,,,,,,,,,
ls027-1,C,,,,,,,,,,
ls027-2,A,Daniel,,,,,,,,,
ls027-2,B,,,,,,,,,,
ls027-2,C,,,,,,,,,,
ls028-0,A,Daniel,,,,,,,,,
ls028-0,B,,,,,,,,,,
ls028-0,C,,,,,,,,,,
ls028-1,A,Daniel,,,,,,,,,
ls028-1,B,,,,,,,,,,
ls028-1,C,,,,,,,,,,
ls028-2,A,Daniel,,,,,,,,,
ls028-2,B,,,,,,,,,,
ls028-2,C,,,,,,,,,,
ls029-0,A,Daniel,,,,,,,,,
ls029-0,B,,,,,,,,,,
ls029-0,C,,,,,,,,,,
ls029-1,A,Daniel,,,,,,,,,
ls029-1,B,,,,,,,,,,
ls029-1,C,,,,,,,,,,
ls029-2,A,Daniel,,,,,,,,,
ls029-2,B,,,,,,,,,,
ls029-2,C,,,,,,,,,,
ls030-0,A,Daniel,,,,,,,,,
ls030-0,B,,,,,,,,,,
ls030-0,C,,,,,,,,,,
ls030-1,A,Daniel,,,,,,,,,
ls030-1,B,,,,,,,,,,
ls030-1,C,,,,,,,,,,
ls030-2,A,Daniel,,,,,,,,,
ls030-2,B,,,,,,,,,,
ls030-2,C,,,,,,,,,,
ls031-0,A,Daniel,,,,,,,,,
ls031-0,B,,,,,,,,,,
ls031-0,C,,,,,,,,,,
ls031-1,A,Daniel,,,,,,,,,
ls031-1,B,,,,,,,,,,
ls031-1,C,,,,,,,,,,
ls031-2,A,Daniel,,,,,,,,,
ls031-2,B,,,,,,,,,,
ls031-2,C,,,,,,,,,,
ls032-0,A,Daniel,,,,,,,,,
ls032-1,A,Daniel,,,,,,,,,
ls032-1,B,,,,,,,,,,
ls032-1,C,,,,,,,,,,
ls032-2,A,Daniel,,,,,,,,,
ls032-2,B,,,,,,,,,,
ls032-2,C,,,,,,,,,,
ls032-3,A,Daniel,,,,,,,,,
ls032-3,B,,,,,,,,,,
ls032-3,C,,,,,,,,,,
ls033-0,A,Daniel,,,,,,,,,
ls033-0,B,,,,,,,,,,
ls033-0,C,,,,,,,,,,
ls033-1,A,Daniel,,,,,,,,,
ls033-1,B,,,,,,,,,,
ls033-1,C,,,,,,,,,,
ls033-2,A,Daniel,,,,,,,,,
ls033-2,B,,,,,,,,,,
ls033-2,C,,,,,,,,,,
ls034-0,A,Daniel,,,,,,,,,
ls034-0,B,,,,,,,,,,
ls034-0,C,,,,,,,,,,
ls034-1,A,Daniel,,,,,,,,,
ls034-1,B,,,,,,,,,,
ls034-1,C,,,,,,,,,,
ls034-2,A,Daniel,,,,,,,,,
ls034-2,B,,,,,,,,,,
ls034-2,C,,,,,,,,,,
ls035-0,A,Daniel,Daniel Friedman,00:03,,,,,,,
ls035-0,B,Dean,Dean Tickles,,,,,,,,
ls035-0,C,Bleu,Bleu Knight,,,,,,,,
ls035-1,A,Daniel,Daniel Friedman,,,,,,,,
ls035-1,B,Stephen,Stephen Sillett,0,0,0,0,,,,
ls035-1,C,Dean,Dean Tickles,0,0,0,0,,,,
ls035-1,D,Bleu,Bleu Knight,,,,,,,,
ls035-1,E,Dave,Dave Douglass,,,,,,,,
ls035-2,A,Daniel,Daniel Friedman,,,,,,,,
ls035-2,B,Bleu,Bleu Knight,0,0,0,0,,,,
ls035-2,C,Majid,Majid D Beni,0,0,0,0,,,,
ls036-0,A,Daniel,Daniel Friedman,00:26,,,,,,,
ls036-0,B,Bleu,Bleu Knight,02:29,,,,,,,
ls036-0,B,Bleu,Bleu Knight,02:29:00 AM,0,0,0,,,,
ls036-1,A,Daniel,Daniel Friedman,,,,,,,,
ls036-1,B,Dean,Dean Tickles,0,0,0,0,,,,
ls036-1,C,Bleu,Bleu Knight,0,0,0,0,,,,
ls036-2,A,Daniel,Daniel Friedman,,,,,,,,
ls036-2,B,Bleu,Bleu Knight,0,0,0,0,,,,
ls036-2,C,Danielle,,,,,0,,,,
ls036-2,D,Dean,Dean Tickles,,,,,,,,
ls037-0,A,Daniel,Daniel Friedman,,,,,,,,
ls037-0,B,Stephen,Stephen Sillett,0,0,0,0,,,,
ls037-0,C,Dean,Dean Tickles,0,0,0,0,,,,
ls037-1,A,Daniel,Daniel Friedman,00:23,,,,,,,
ls037-1,B,Stephen S,Stephen Sillett,02:01,,,,,,,
ls037-1,C,Dean,Dean Tickles,02:14,,,,,,,
ls037-1,D,Bleu,Bleu Knight,02:32,,,,,,,
ls037-1,E,Stephen M,Stephen Mann,02:44,,,,,,,
ls037-2,A,Daniel,Daniel Friedman,,,,,,,,
ls037-2,B,Stephen S,Stephen Sillett,0,0,0,0,,,,
ls037-2,C,Dean,Dean Tickles,0,0,0,0,,,,
ls037-2,D,Bleu,Bleu Knight,,,,,,,,
ls038-0,A,Daniel,Daniel Friedman,00:27,,,,,,,
ls038-1,A,Daniel,Daniel Friedman,00:23,,,,,,,
ls038-1,B,Stephen,Stephen Sillett,03:01,,,,,,,
ls038-1,C,Dean,Dean Tickles,03:49,,,,,,,
ls038-2,A,Daniel,Daniel Friedman,00:26,,,,,,,
ls038-2,B,Dean,Dean Tickles,01:59,,,,,,,
ls038-2,C,Bleu,Bleu Knight,02:12,,,,,,,
ls039-0,A,Daniel,Daniel Friedman,,,,A @ 00:26,,,,
ls039-0,B,Dean,Dean Tickles,,,,B @ 02:57,,,,
ls039-1,A,Friedman,Daniel Friedman,12:27,,,A @ 00:27,,,,
ls039-1,B,Bleu,Bleu Knight,01:56,,,B @ 01:56,,,,
ls039-1,C,Stephen,Stephen Sillett,02:01,,,C @ 02:14,,,,
ls039-1,D,Dean,Dean Tickles,02:18,,,D @ 30:42,,,,
ls039-1,E,Franz,Franz Kuchling,53:27,,,E @ 53:28,,,,
ls039-2,A,Daniel,Daniel Friedman,,,,A @ 00:28,,,,
ls039-2,B,Dean,Dean Tickles,,,,B @ 00:44,,,,
ls039-2,C,Bleu,Bleu Knight,,,,C @ 02:14,,,,
ls039-2,D,Franz,Franz Kuchling,,,,D @ 02:38,,,,
ls040-0,A,Daniel,Daniel Friedman,,,,,,,,
ls040-0,B,Bleu,Bleu Knight,0,0,0,0,,,,
ls040-1,A,Daniel,Daniel Friedman,,,,Adobe and Whisper often split Chris’s turns. Align by timestamp and inspection.,,,,
ls040-1,B,Bleu,Bleu Knight,0,0,0,0,,,,
ls040-1,C,Chris,Chris Fields,0,0,0,0,,,,
ls040-1,D,Karl,Karl J Friston,0,0,0,0,,,,
ls040-1,E,James,James F Glazebrook,0,0,0,0,,,,
ls040-1,F,Stephen,Stephen Sillett,0,0,0,0,,,,
ls040-2,A,Daniel,Daniel Friedman,,,,,,,,
ls040-2,B,Dean,Dean Tickles,0,0,0,0,,,,
ls040-2,C,Bleu,Bleu Knight,0,0,0,0,,,,
ls040-2,D,Michael,Michael Levin,,,,,,,,
ls040-2,E,Karl,Karl J Friston,,,,,,,,
ls040-2,F,Chris,Chris Fields,,,,,,,,
ls040-2,G,Stephen,Stephen Sillett,,,,,,,,
ls041-0,A,Daniel,Daniel Friedman,00:29,,,A @ 00:29,,,,
ls041-0,B,Deam,Dean Tickles,03:23,,,B @ 03:40,,,,
ls041-1,A,Daniel,Daniel Friedman,,,,A @ 00:27,,,,
ls041-1,B,Dean,Dean Tickles,,,,B @ 02:17,,,,
ls041-1,C,Bleu,Bleu Knight,,,,C @ 02:40,,,,
ls041-2,A,Daniel,Daniel Friedman,,,,A @ 00:26,,,,
ls041-2,B,Dean,Dean Tickles,,,,B @ 00:38,,,,
ls041-2,C,Bleu,Bleu Knight,,,,C @ 03:10,,,,
ls042-0,A,Daniel,Daniel Friedman,00:26,,,A @ 00:27,,,,
ls042-0,B,Sid,Siddhant Shrivastava,02:41,,,B @ 02:43,,,,
ls042-1,A,Daniel,Daniel Friedman,,,,A @ 00:00,,,,
ls042-1,B,Bleu,Bleu Knight,,,,C @ 01:24,,,,
ls042-1,C,Adam,Adam Safron,,,,D @ 02:13,,,,
ls042-1,D,Tim,Tim Verbelen,,,,,,,,
ls042-1,,,,,,,B @ 15:53,,,,
ls042-1,,,,,,,E @ 53:15,,,,
ls042-2,A,Daniel,Daniel Friedman,00:28,,,A @ 00:28,,,,
ls042-2,B,Bleu,Bleu Knight,01:52,,,B @ 01:59,,,,
ls042-2,C,Tim,Tim Verbelen,02:05,,,C @ 03:15,,,,
ls043-0,A,Daniel,Daniel Friedman,00:26,,,A @ 00:26,,,,
ls043-0,B,Maria,Maria Vasconsuelos,,,,B @ 03:21,,,,
ls043-0,C,Daniel,,,,(none),(none),,,,
ls043-1,A,Daniel,Daniel Friedman,00:29,,,A @ 00:30,,,,
ls043-1,B,Bleu,Bleu Knight,02:38,,,B @ 02:41,,,,
ls043-2,A,Daniel,Daniel Friedman,00:28,,,A @ 00:28,,,,
ls043-2,B,Dean,Dean Tickles,02:59,,,B @ 02:59,,,,
ls043-2,C,Stephen,Stephen Sillett,03:48,,,C @ 03:48,,,,
ls044-0,A,Daniel,Daniel Friedman,00:30,,,A @ 00:30,,,,
ls044-0,B,Ian,Ian Tennant,02:36,,,B @ 03:04,,,,
ls044-1,A,Daniel,Daniel Friedman,,,,A @ 00:32,,,,
ls044-1,B,Ian,Ian Tennant,,,,B @ 02:49,,,,
ls044-1,C,Jorge,Jorge E Esteves,,,,C @ 03:58,,,,
ls044-1,D,Francesco,Francesco Cerritelli,,,,D @ 05:03,,,,
ls044-1,E,Zoe,Zoe McParlin,,,,E @ 06:44,,,,
ls044-2,A,Daniel,Daniel Friedman,,,,A @ 00:28,,,,
ls044-2,B,Ian,Ian Tennant,,,,B @ 02:47,,,,
ls044-2,C,Jorge,Jorge E Esteves,,,,C @ 03:38,,,,
ls044-2,D,Zoe,Zoe McParlin,,,,D @ 05:23,,,,
ls044-2,E,Bleu,Bleu Knight,,,,E @ 28:15,,,,
ls045-0,A,Daniel,Daniel Friedman,,,,A @ 00:25,,,,
ls045-0,B,Brock,Brock McKean,,,,B @ 02:41,,,,
ls045-1,A,Daniel,Daniel Friedman,,,,A @ 00:27,,,,
ls045-1,B,Bleu,Bleu Knight,,,,B @ 00:37,,,,
ls045-1,C,Karl,Karl J Friston,,,,C @ 02:37,,,,
ls045-1,D,Thomas,Thomas Parr,,,,D @ 30:36,,,,
ls045-2,A,Daniel,Daniel Friedman,,,,A @ 00:28,,,,
ls045-2,B,Bleu,Bleu Knight,,,,B @ 00:34,,,,
ls045-2,C,Karl,Karl J Friston,,,,C @ 02:22,,,,
ls045-2,D,Thomas,Thomas Parr,,,,D @ 19:06,,,,
ls046-0,A,Daniel,Daniel Friedman,,,,A @ 00:12,,,,
ls046-0,B,Dean,Dean Tickles,,,,B @ 02:38,,,,
ls046-0,C,Jakub,Jakub Smékal,,,,C @ 03:48,,,,
ls046-0,D,Daniel,Daniel Friedman,,,,D @ 04:37,,,,
ls046-1,A,Daniel,Daniel Friedman,,,,A @ 00:28,,,,
ls046-1,B,Ali,Ali Rahmjoo,,,,B @ 03:04,,,,
ls046-1,C,Dean,Dean Tickles,,,,C @ 03:53,,,,
ls046-1,D,David,David Calton,,,,D @ 05:01,,,,
ls046-1,E,Alex,Alex Kiefer,,,,E @ 06:21,,,,
ls046-2,A,Daniel,Daniel Friedman,,,,A @ 00:29,,,,
ls046-2,B,Dean,Dean Tickles,,,,B @ 03:16,,,,
ls046-2,C,David,David Calton,,,,C @ 04:21,,,,
ls046-2,D,Ali,Ali Rahmjoo,,,,D @ 05:56,,,,
ls047-0,A,Daniel,Daniel Friedman,,,,,,,,
ls047-0,B,Dean,Dean Tickles,0,0,0,0,,,,
ls047-0,C,Stephen,Stephen Sillett,0,0,0,0,,,,
ls047-1,A,Daniel,Daniel Friedman,,,,,,,,
ls047-1,B,Dean,Dean Tickles,0,0,0,0,,,,
ls047-1,C,Stephen,Stephen Sillett,0,0,0,0,,,,
ls047-1,D,Bleu,Bleu Knight,,,,,,,,
ls047-2,A,Daniel,Daniel Friedman,,,,,,,,
ls047-2,B,Dean,Dean Tickles,0,0,0,0,,,,
ls047-2,C,Stephen,Stephen Sillett,0,0,0,0,,,,
ls047-2,D,Majid,Majid D Beni,,,,,,,,
ls048-0,A,Daniel,Daniel Friedman,,,,,,,,
ls048-0,B,Dean,Dean Tickles,,,,,,,,
ls048-1,A,Daniel,Daniel Friedman,,,,,,,,
ls048-1,B,Dean,Dean Tickles,0,0,0,0,,,,
ls048-1,C,Bleu,Bleu Knight,0,0,0,0,,,,
ls048-2,A,Daniel,Daniel Friedman,,,,,,,,
ls048-2,B,Bleu,Bleu Knight,0,0,0,0,,,,
ls048-2,C,Dean,Dean Tickles,0,0,0,0,,,,
ls048-2,D,Remi,Rémi Tison,,,,,,,,
ls049-0,A,Daniel,Daniel Friedman,,,,,,,,
ls049-0,B,Ali,Ali Rahmjoo,0,0,0,0,,,,
ls049-0,C,Jakub,Jakub Smékal,0,0,0,0,,,,
ls049-1,A,Daniel,Daniel Friedman,,,,,,,,
ls049-1,B,Ali,Ali Rahmjoo,0,0,0,0,,,,
ls049-1,C,Jakub,Jakub Smékal,0,0,0,0,,,,
ls049-1,D,Dalton,Dalton Sakthivadivel,0,0,0,0,,,,
ls049-1,D,Dalton,Dalton Sakthivadivel,0,0,0,0,,,,
ls049-2,A,Daniel,Daniel Friedman,,,,,,,,
ls049-2,B,Jakub,Jakub Smékal,0,0,0,0,,,,
ls049-2,C,Ali,Ali Rahmjoo,0,0,0,0,,,,
ls049-2,D,Dalton,Dalton Sakthivadivel,,,,,,,,
ls050-0,A,Daniel,Daniel Friedman,,,,Sent (verify),,,,
ls050-0,B,Dean,Dean Tickles,,,,Sent (verify),,,,
ls050-1,A,Daniel,Daniel Friedman,,,,Sent (verify),,,,
ls050-1,B,Dave,Dave Douglass,,,,Sent (verify),,,,
ls050-1,C,Dean,Dean Tickles,,,,Sent (verify),,,,
ls050-1,D,Eli,Eli Sennesh,,,,,,,,
ls050-1,E,Jordan,Jordan Theriault,,,,,,,,
ls050-2,A,Daniel,Daniel Ari Friedman,,,,Sent (verify),,,,
ls050-2,B,Dean,Dean Tickles,,,,Sent (verify),,,,
ls050-2,C,Jordan,Jordan Theriault,,,,Sent (verify),,,,
ls050-2,D,Eli,Eli Sennesh,,,,Sent (verify),,,,
ls050-2,E,Ian,Ian Tennant,,,,Sent (verify),,,,
ls051-0,A,Friedman,Daniel Ari Friedman,,,,Sent (verify),,,,
ls051-1,A,Daniel,Daniel Friedman,,,,Sent (verify),,,,
ls051-1,B,Takuya,Takuya Isomura,,,,Sent (verify),,,,
ls051-2,A,Daniel,Daniel Friedman,,,,Sent (verify),,,,
ls051-2,B,Takuya,Takuya Isomura,,,,Sent (verify),,,,
ls052-0,A,Daniel,Daniel Friedman,,,,,,,,
ls052-1,A,Daniel,Daniel Friedman,00:07,,,,,,,
ls052-1,B,Lance,Lancelot Da Costa,,,,,,,,
ls052-2,A,Daniel,Daniel Friedman,00:07,,,,,,,
ls052-2,B,Lance,Lancelot Da Costa,01:52,,,,,,,
ls053-0,B,Daniel,Daniel Friedman,00:07,,,,,,,
ls053-0,A,Dean,Dean Tickles,,,,,,,,
ls053-1,A,Karl,Karl Friston,,,,,,,,
ls053-1,B,Daniel,Daniel Friedman,00:07,,,,,,,
ls053-1,C,Dean,Dean Tickles,,,,,,,,
ls053-1,D,Hector,Hector Marin Manrique,,,,,,,,
ls053-1,E,Michael,"Michael John Walker (in slides: ""Miguel"")",,,,,,,,
ls053-2,A,Hector,Hector Marin Manrique,0:00,,,,,,,
ls053-2,B,Daniel,Daniel Friedman,14:32,,,,,,,
ls053-2,C,Michael,"Michael John Walker (in slides: ""Miguel"")",,,,,,,,
ls053-2,D,Dean,Dean Tickles,,,,,,,,
ls053-2,E,Karl,Karl Friston,,,,,,,,
ls054-0,B,Daniel,Daniel Friedman,00:05,,,,,,,
ls054-0,C,Dean,Dean Tickles,03:07,,,,,,,
ls054-0,A,Ali,Ali Rahmjoo,,,,,,,,
ls054-1,B,Daniel,Daniel Friedman,00:02,,,,,,,
ls054-1,C,Dean,Dean Tickles,01:35,,,,,,,
ls054-1,D,Ali,Ali Rahmjoo,02:10,,,,,,,
ls054-1,A,Toby,Toby Smithe,03:08,,,,,,,
,,,,,,,,,,,
,,,,,,,,,,,
,,,,,,,,,,,
ls2021xxx,A,Daniel,,,,,,,,,
ls2021xxx,B,,,,,,,,,,
ls2021xxx,C,,,,,,,,,,
ls21-03,A,Daniel,,,,,,,,,
ls21-03,B,,,,,,,,,,
ls21-03,C,,,,,,,,,,
ls21-04,A,Daniel,,,,,,,,,
ls21-04,B,,,,,,,,,,
ls21-04,,,,,,,,,,,
ma001-1,A,Daniel,,,,,,,,,
ma001-1,B,,,,,,,,,,
ma001-1,C,,,,,,,,,,
ma002-1,A,Daniel,,,,,,,,,
ma002-1,B,,,,,,,,,,
ma002-1,C,,,,,,,,,,
ma003-1,A,Daniel,,,,,,,,,
ma003-1,B,,,,,,,,,,
ma003-1,C,,,,,,,,,,
ma004-1,A,Bleu,Bleu Knight,00:11,,,,,,,
ma004-1,B,David,David Spivak,00:46,,,,,,,
ma004-1,C,Daniel,Daniel Friedman,11:44,,,,,,,
mo001-1,A,Daniel,,,,,,,,,
mo001-1,B,,,,,,,,,,
mo001-1,C,,,,,,,,,,
mo001-2,A,Daniel,,,,,,,,,
mo001-2,B,,,,,,,,,,
mo001-2,C,,,,,,,,,,
mo001-3,A,Daniel,,,,,,,,,
mo001-3,B,,,,,,,,,,
mo001-3,C,,,,,,,,,,
mo001-4,A,Daniel,,,,,,,,,
mo001-4,B,,,,,,,,,,
mo001-4,C,,,,,,,,,,
mo002-1,A,Daniel,,,,,,,,,
mo002-1,B,,,,,,,,,,
mo002-1,C,,,,,,,,,,
mo003-1,A,Daniel,,,,,,,,,
mo003-1,B,,,,,,,,,,
mo003-1,C,,,,,,,,,,
mo004-1,A,Daniel,,,,,,,,,
mo004-1,B,,,,,,,,,,
mo004-1,C,,,,,,,,,,
mo005-1,A,Daniel,Daniel Friedman,00:08,,,,,,,
mo005-1,B,Tim,Tim Verbelen,00:52,,,,,,,
mo005-1,C,Pietro,Pietro Mazzaglia,,,,,,,,
mo006-1,A,Daniel,Daniel Friedman,00:07,,,,,,,
mo006-1,B,Theophile,Theophile Champion ,00:45,,,,,,,
mo006-1,C,Ali,Ali Rahmjoo,52:31,,,,,,,
mo006-1,D,Jakub,Jakub Smekal,,,,,,,,
mo007-1,A,Daniel,Daniel Friedman,00:07,,,,,,,
mo007-1,B,Jakub,Jakub Smekal,01:10,,,,,,,
mo007-1,C,Daphne,Daphne Demekas,01:30,,,,,,,
mo007-1,D,Conor,Conor Heins,02:00,,,,,,,
mo007-2,A,Daniel,Daniel Friedman,00:05,,,,,,,
mo007-2,B,Conor,Conor Heins,00:34,,,,,,,
mo007-2,C,Jakub,Jakub Smekal,30:55,,,,,,,
mo007-2,D,Adam,Adam Goldstein,37:40,,,,,,,
mo007-2,E,Karl,Karl Friston,44:30,,,,,,,
mo008-1,A,Daniel,Daniel Friedman,,,,,,,,
mo008-1,B,Conor,Conor Heins,,,,,,,,
mo008-1,C,Jakub,Jakub Smekal,,,,,,,,
,,,,,,,,,,,
,,,,,,,,,,,
os001-1,A,Daniel,Daniel Friedman,,,,,,,,
os001-1,B,,,,,,,,,,
os001-1,C,,,,,,,,,,
os002-1,A,Daniel,Daniel Friedman,,,,,,,,
os002-1,B,,,,,,,,,,
os002-1,C,,,,,,,,,,
os003-1,A,Daniel,Daniel Friedman,,,,,,,,
os003-1,B,,,,,,,,,,
os003-1,C,,,,,,,,,,
os004-1,A,Daniel,Daniel Friedman,,,,,,,,
os004-1,B,Shrey,Shrey Jain,,,,,,,,
,,,,,,,,,,,
,,,,,,,,,,,
,,,,,,,,,,,
,,,,,,,,,,,
rt2021-1,A,,,,,,,,,,
rt2021-1,B,,,,,,,,,,
rt2021-1,C,,,,,,,,,,
rt2021-2,A,Daniel,Daniel Friedman,00:09,,,,,,,
rt2021-2,B,Stephen,Stephen Sillett,02:41,,,,,,,
rt2021-2,C,Alex,Alex Vyatkin,05:42,,,,,,,
rt2021-2,D,,,,,,,,,,
rt2021-2,E,,,,,,,,,,
rt2021-2,F,,,,,,,,,,
rt2021-3,A,Daniel,,,,,,,,,
rt2021-3,B,,,,,,,,,,
rt2021-3,C,,,,,,,,,,
rt2021-4,A,Daniel,Daniel Friedman,,,,,,,,
rt2021-4,B,Dave,David Douglass,01:22,,,,,,,
rt2021-4,C,Ivan,Ivan Metelkin,02:20,,,,,,,
rt2021-4,D,Bleu,Bleu Knight,02:57,,,,,,,
rt2021-4,E,Alex,Alex Vyatkin,03:34,,,,,,,
rt2022-1,A,Daniel,Daniel Friedman,,,,,,,,
rt2022-1,B,,,,,,,,,,
rt2022-1,C,,,,,,,,,,
rt2022-2,A,Daniel,Daniel Friedman,,,,,,,,
rt2022-2,B,,,,,,,,,,
rt2022-2,C,,,,,,,,,,
rt2022-3,A,Daniel,Daniel Friedman,,,,,,,,
rt2022-3,B,,,,,,,,,,
rt2022-3,C,,,,,,,,,,
rt2022-4,A,Daniel,,,,,,,,,
rt2022-4,B,,,,,,,,,,
rt2022-4,C,,,,,,,,,,
rt2023-1,A,Alex,Alex Vyatkin,,,,,,,,
rt2023-1,B,Daniel,Daniel Friedman,01:20,,,,,,,
rt2023-1,C,Bleu,Bleu Knight,01:34,,,,,,,
,,,,,,,,,,,
,,Alex,Alex Vyatkin,,,,,,,,
,,,,,,,,,,,
,,,,,,,,,,,
,,,,,,,,,,,
,,,,,,,,,,,
,,,,,,,,,,,
sy2021kf1,A,Daniel,,,,,,,,,
sy2021kf1,B,,,,,,,,,,
sy2021kf1,C,,,,,,,,,,
sy2021kf2,A,Daniel,,,,,,,,,
sy2021kf2,B,,,,,,,,,,
sy2021kf2,C,,,,,,,,,,
sy2021kf3,A,Daniel,,,,,,,,,
sy2021kf3,B,,,,,,,,,,
sy2021kf3,C,,,,,,,,,,
sy2022ro1,A,Daniel,,,,,,,,,
sy2022ro1,B,,,,,,,,,,
sy2022ro1,C,,,,,,,,,,
sy2022ro2,A,Daniel,,,,,,,,,
sy2022ro2,B,,,,,,,,,,
sy2022ro2,C,,,,,,,,,,
ts001,A,Daniel,Daniel Friedman,,,,,,,,
ts001,B,Krzysztof,Krzysztof Wos,,,,,,,,
ts001,C,,,,,,,,,,
ts002,A,Bleu,Bleu Knight,,,,,,,,
ts002,B,Daniel,Daniel Friedman,,,,,,,,
ts002,C,,,,,,,,,,
,,,,,,,,,,,
bs001_01,A,Daniel,Daniel Friedman,,,,,,,,
bs001_01,B,Bleu,Bleu Knight,,,,,,,,
bs001_01,C,Tyler,Tyler Sullberg,,,,,,,,
bs001_02,A,Daniel,Daniel Friedman,00:07,,,,,,,
bs001_02,B,Bleu,Bleu Knight,00:20,,,,,,,
bs001_02,C,Tyler,Tyler Sullberg,01:42,,,,,,,
bs001_03,A,Daniel,Daniel Friedman,00:08,,,,,,,
bs001_03,B,Bleu,Bleu Knight,00:29,,,,,,,
bs001_03,C,Tyler,Tyler Sullberg,01:33,,,,,,,
bs001_04,A,Daniel,Daniel Friedman,00:08,,,,,,,
bs001_04,B,Bleu,Bleu Knight,00:29,,,,,,,
bs001_04,C,Tyler,Tyler Sullberg,01:33,,,,,,,
bs001_1,A,Daniel,Daniel Friedman,00:07,,,,,,,
bs001_1,B,Tyler,Tyler Sullberg,00:21,,,,,,,
bs001_1,C,Bijan,Bijan Khezri,00:32,,,,,,,
bs001_1,D,Bleu,Bleu Knight,02:31,,,,,,,
bs001_06,A,Daniel,Daniel Friedman,00:06,,,,,,,
bs001_06,B,Bleu,Bleu Knight,00:19,,,,,,,
bs001_06,C,Tyler,Tyler Sullberg,02:07,,,,,,,
bs001_07,A,Daniel,Daniel Friedman,00:04,,,,,,,
bs001_07,B,Bleu,Bleu Knight,00:19,,,,,,,
bs001_07,C,Tyler,Tyler Sullberg,01:35,,,,,,,
bs001_08,A,Daniel,Daniel Friedman,,,,,,,,
bs001_08,B,Bleu,Bleu Knight,,,,,,,,
bs001_08,C,Tyler,Tyler Sullberg,,,,,,,,
bs001_09,A,Bleu,Bleu Knight,,,,,,,,
bs001_09,B,Daniel,Daniel Friedman,,,,,,,,
bs001_09,C,Tyler,Tyler Sullberg,,,,,,,,
bs001_10,B,Daniel,Daniel Friedman,00:07,,,,,,,
bs001_10,A,Bleu,Bleu Knight,00:19,,,,,,,
bs001_10,C,Tyler,Tyler Sullberg,,,,,,,,
bs001_012,A,Daniel,Daniel Friedman,,,,,,,,
bs001_012,B,Bleu,Bleu Knight,,,,,,,,
bs001_012,C,Tyler,Tyler Sullberg,,,,,,,,
,,,,,,,,,,,
,,,,,,,,,,,
bs002_01,A,Daniel,Daniel Friedman,00:06,,,,,,,
bs002_01,B,Thomas,Thomas Parr,00:43,,,,,,,
bs002_01,C,Ali,Ali Rahmjoo,05:39,,,,,,,
bs002_01,D,Terry,Terry Muldoon,51:46,,,,,,,
bs002_0,A,Ali,Ali Rahmjoo,01:53,,,,,,,
bs002_0,B,Daniel,Daniel Friedman,00:06,,,,,,,
,,,,,,,,,,,
,,,,,,,,,,,
,,,,,,,,,,,
,,,,,,,,,,,
rvLs-2022,A,Daniel,Daniel Friedman,00:08,,,2022 Active Inference Livestream Review,,,,
rvLs-2022,B,Dean,Dean Tickles,02:16,,,,,,,
,,,,,,,,,,,
MaVaTh-1,A,Maria,Maria Luiza Iennaco de Vasconcelos,,,,,,,,
MaVaTh-1,B,Osvaldo,Osvaldo Pessoa,,,,,,,,
MaVaTh-1,C,Gustavo,Gustavo Toledo,,,,,,,,
MaVaTh-1,D,Filipe,Filipe Carijó,,,,,,,,
MaVaTh-1,E,Joao,João Kogler,,,,,,,,
,,,,,,,,,,,
sigmInst-1,A,Daniel,Daniel Friedman,00:02,,,,,,,
sigmInst-1,B,Adam,Adam Pease,00:29,,,,,,,
sigmInst-1,C,Dave,David Douglass,01:33,,,,,,,
,,,,,,,,,,,
,,,,,,,,,,,
,,,,,,,,,,,
,,,,,,,,,,,
,,,,,,,,,,,
AATxtBk_C01-01,A,Daniel,Daniel Friedman,,,,,,,,
AATxtBk_C01-01,B,Ivan,Ivan Metelkin,09:40,,,,,,,
AATxtBk_C01-01,C,Alex,Alex Vyatkin,14:00,,,,,,,
AATxtBk_C01-01,D,Bleu,Bleu Knight,17:30,,,,,,,
AATxtBk_C01-01,E,Rohan,Rohan Sundar,19:03,,,,,,,
,,,,,,,,,,,
,,,,,,,,,,,
,,,,,,,,,,,
,,,,,,,,,,,
AATxtBk_C04-01,B,Daniel,Daniel Friedman,,,,,,,,
AATxtBk_C04-01,A,,,,,,,,,,
AATxtBk_C04-01,C,,,,,,,,,,
AATxtBk_C04-01,D,,,,,,,,,,
,,,,,,,,,,,
,,,,,,,,,,,
,,,,,,,,,,,
,,,,,,,,,,,
,,,,,,,,,,,
ms211,A,SC,Sean Carroll,,,,,,,,
msAMA-2023-02,A,SC,Sean Carroll,,,,,,,,
,,,,,,,,,,,
,,,,,,,,,,,
wolfr2023-02-15,A,SW,Stephen Wolfram,05:26,,,,,,,
wolfr2023-02-15,B,TS,Terry Sejnowski,05:47,,,,,,,
,,,,,,,,,,,
wolfr2022-02-01,A,SW,Stephen Wolfram,00:02,,,,,,,
wolfr2022-02-01,B,TS,Terry Sejnowski,00:30,,,,,,,
,,,,,,,,,,,
eyeOnAI_20230119,A,Craig,Craig S. Smith,,,,,,,,
eyeOnAI_20230119,B,Geoff,Geoffrey Hinton,,,,,,,,
,,,,,,,,,,,
wsf20200201-1,A,Intro,Introduction,00:08,,,,,,,
wsf20200201-1,B,Jane,Jane Goodall (recorded),02:26,02:26,02:54,,,,,
wsf20200201-1,C,(unknown),(unknown),02:59,,,,,,,
wsf20200201-1,D,Faith,Faith Salie,04:09,,,,,,,
wsf20200201-1,B,Suzana,Suzana Herculano-Houzel ,05:30,05:30,1:33:46,,,,,
wsf20200201-1,E,Rex,Rex Harrison (recorded),20:01,20:01,20:03,,,,,
wsf20200201-1,F,Suzana,Suzana Herculano-Houzel ,12:43,12:43,12:44,,,,,
wsf20200201-1,E,Denise Herzing ,Denise Herzing ,21:00,,,,,,,
,,,,,,,,,,,
ASC_23-03-19,A,Jude,Judith (Jude) Lombardi,,,,,,,,
ASC_23-03-19,B,Paul,Paul Pangaro,,,,,,,,
ASC_23-03-19,C,,,,,,,,,,
ASC_23-03-19,D,,,,,,,,,,
ASC_23-03-19,B,,,,,,,,,,
ASC_23-03-19,E,,,,,,,,,,
ASC_23-03-19,F,,,,,,,,,,
,,,,,,,,,,,
Samadi_Biven1,A,Andrea,Andrea Samadi,,,,,,,,
Samadi_Biven1,B,Lucy,Lucy Biven,,,,,,,,
ASC_23-01-07,A,Paul,Paul Pangaro,,,,,,,,
ASC_23-01-07,B,,,,,,,,,,
,,,,,,,,,,,
Chom04_1,A,Chomsky,Noam Chomsky,,,,,,,,
Chom04_2,A,Chomsky,Noam Chomsky,,,,,,,,
Chom04_2,B,,,,,,,,,,
,,,,,,,,,,,
ideas2021_11,A,Friston,Karl Friston,,,,,,,,
ideas2021_15,A,Friston,Karl Friston,,,,,,,,
ideas2021_16,A,Friston,Karl Friston,,,,,,,,
ideas2021_16,BB,,,,,,,,,,
ideas2021_04,A,Sporns,Olof Sporns,,,,,,,,
ideas2021_09,A,Sporns,Olof Sporns,,,,,,,,
,,,,,,,,,,,
ISSS2021-01,A,,,,,,,,,,
ISSS2021-01,B,Paul,Paul Pangaro,00:18,,,,,,,
ISSS2021-01,C,Jawahar,Jawahar Bjalla,37:37,,,Sydney AU,,,,
ISSS2021-01,D,Tomas ,Tomas,43:10,,,"(SS Health, Hong Kong)",,,,
ISSS2021-01,B,,,,,,,,,,
ISSS2021-01,E,James,James Bryant,,,,,,,,
ISSS2021-01,F,roo,Roo,48:36,,,,,,,
ISSS2021-01,,Allenna,Allenna Leonard,50:53,,,,,,,
ISSS2021-01,G,Robert,Robert Johannson,51:58,,,Winnipeg,,,,
ISSS2021-01,H,Ben,Ben Sweeting,53:36,,,"U. Brighton, UC London. orcid: 0000-0003-3398-1637",,,,
,,,,,,,,,,,
,,,,,,,,,,,
Beast_02-03,A,Stephen,Stephen Rae,,,,,,,,
Beast_02-03,B,Richard,Richard T. Cole,,,,,,,,
,,,,,,,,,,,
Beast_02-04,A,Stephen,Stephen Rae,,,,,,,,
Beast_02-04,B,Richard,Richard T. Cole,,,,,,,,
,,,,,,,,,,,
,,,,,,,,,,,
,,,,,,,,,,,
LHLManha_20230506-1,A,,,,,,,,,,
LHLManha_20230506-1,B,Dennis,Dennis Speed,,,,,,,,
LHLManha_20230506-1,C,,,,,,,,,,
LHLManha_20230506-1,D,,,,,,,,,,
LHLManha_20230506-1,B,,,,,,,,,,
LHLManha_20230506-1,E,,,,,,,,,,
LHLManha_20230506-1,F,,,,,,,,,,
LHLManha_20230506-1,G,,,,,,,,,,
LHLManha_20230506-1,H,,,,,,,,,,
LHLManha_20230506-1,J,,,,,,,,,,
,,,,,,,,,,,
,,,,,,,,,,,
,,,,,,,,,,,
,,,,,,,,,,,
doooov_20230508,A,Doooovid,Doooovid,,,,,,,,
doooov_20230528,A,Doooovid,Doooovid,,,,,,,,
doooov_20230604-01,A,Doooovid,Doooovid,,,,,,,,
doooov_20230604-01,xxxx,Dave,Dave Douglass,,,,,,,,
doooov_20230604,C,Doooovid:art1,,44:00,,,,,,,
doooov_20230604,D,Doooovid:art2,,,,,,,,,
doooov_20230604-1-08,A,Doooovid,Doooovid,,,,,,,,
doooov_20230604-1-08,B,Dave,Dave Douglass,,,,,,,,
doooov_20230604-1-08A,A,Doooovid,Doooovid,,,,,,,,
doooov_20230604-1-08A,B,Dave,Dave Douglass,,,,,,,,
,,,,,,,,,,,
doooov_20230612-01,A,Doooovid,Doooovid,,,,,,,,
,,,,,,,,,,,
,,,,,,,,,,,
,,,,,,,,,,,
,,,,,,,,,,,
,,,,,,,,,,,
,,,,,,,,,,,
,,,,,,,,,,,
cFPIP-01LA,B,Daniel,Daniel Friedman,,,,,,,,
cFPIP-01LA,C,Ander,Ander Aguirre,,,,,,,,
cFPIP-01LA,A,Chris,Chris Fields,,,,,,,,
cFPIP-01W,B,Daniel,Daniel Friedman,06:00,,,,,,,
cFPIP-01W,A,Ander,Ander Aguirre,,,,,,,,
cFPIP-01W,C,Ross,Ross Berger,02:17,,,,,,,
cFPIP-01W,D,Avel,Avel Guenin-Carlut,02:56,,,,,,,
cFPIP-01W,E,Bleu,Bleu Knight,,,,,,,,
cFPIP-01W,F,Alexey,Alexey Tolchinsky,,,,,,,,
cFPIP-01W,G,Francesco,Francesco Balzan,,,,,,,,
cFPIP-01W,H,Corby,Corby Pryor,06:52,,,,,,,
cFPIP-01W,F,Ali,Ali Rahmjoo,,,,,,,,
cFPIP-01W,G,Dean,Dean Tickles,,,,,,,,
cFPIP-01W,I,Ali,Ali Rahmjoo,,,,,,,,
,,,,,,,,,,,
,,,,,,,,,,,
,,,,,,,,,,,
#Pask at ARI,,,,,,,,,,,
ari26aug82,A,Ruth,ARI Chairman Ruth,,,,,,,,
ari26aug82,B,Gordon,Gordon Pask,,,,,,,,
ari26aug82,C,Jeff,Jeffrey Nicholl,,,,,,,,
,,,,,,,,,,,
ari31aug82-1A,A,Ruth,ARI Chairman Ruth,,,,,,,,
ari31aug82-1A,B,,,,,,,,,,
ari31aug82-1A,C,,,,,,,,,,
,,,,,,,,,,,
ari31aug82-1B,A,Gordon,Gordon Pask,,,,,,,,
ari31aug82-1B,B,,,,,,,,,,
,,,,,,,,,,,
ari31aug82-2AB,A,Gordon,Gordon Pask,,,,,,,,
ari31aug82-2AB,B,,,,,,,,,,
,,,,,,,,,,,
,,,,,,,,,,,
,,,,,,,,,,,
,,,,,,,,,,,
,,,,,,,,,,,
,,,,,,,,,,,
gt82-01a,,,,,,,,,,,
gt82-01b,,,,,,,,,,,
gt82-02a,,,,,,,,,,,
gt82-02b,,,,,,,,,,,
gt82-03a,,,,,,,,,,,
gt82-03b,,,,,,,,,,,
gt82-04a,,,,,,,,,,,
gt82-04b,,,,,,,,,,,
gt82-05a,,,,,,,,,,,
gt82-05aL,,,,,,,,,,,
gt82-05aR,,,,,,,,,,,
gt82-05b,,,,,,,,,,,
gt82-05bL,,,,,,,,,,,
gt82-05bR,,,,,,,,,,,
gt82-06a,,,,,,,,,,,
gt82-06b,,,,,,,,,,,
gt82-07a,,,,,,,,,,,
gt82-07b,,,,,,,,,,,
gt82-08a,,,,,,,,,,,
gt82-09a,,,,,,,,,,,
gt82-09b,,,,,,,,,,,
gt82-10a,,,,,,,,,,,
gt82-10b,,,,,,,,,,,
gt82-11a,,,,,,,,,,,
gt82-11b,,,,,,,,,,,
gt82-12a,,,,,,,,,,,
gt82-12b,,,,,,,,,,,
,,,,,,,,,,,
paskChen-a,,,,,,,,,,,
paskChen-b,,,,,,,,,,,
,,,,,,,,,,,
paskPangConv,,,,,,,,,,,
,,,,,,,,,,,
01_pask12a,,,,,,,,,,,
02_pask15,,,,,,,,,,,
03_pask15a,,,,,,,,,,,
04_pask,,,,,,,,,,,
05_pask26,,,,,,,,,,,
,,,,,,,,,,,
paskPang_11B1,,,,,,,,,,,
paskPang_11B,,,,,,,,,,,
,,,,,,,,,,,
paskNotDup,A,,,,,,,,,,
paskNotDup,B,,,,,,,,,,
paskNotDup,C,,,,,,,,,,
,,,,,,,,,,,
SSSE2022B-01,A,,,,,,,,,,
SSSE2022B-01,B,,,,,,,,,,
SSSE2022B-01,C,,,,,,,,,,
,,,,,,,,,,,
SSSE2022B-02,A,,,,,,,,,,
SSSE2022B-02,B,,,,,,,,,,
SSSE2022B-02,C,,,,,,,,,,
,,,,,,,,,,,
SSSE2022B-03,A,Lance,Lance Strate ,,,,,,,,
SSSE2022B-03,B,Susan,Susan Drucker,00:41,,,,,,,
SSSE2022B-03,C,Thom,Tom Giancarelli,,,,,,,,
SSSE2022B-03,D,Zhenbin,Zhenbin Sun,,,,,,,,
SSSE2022B-03,E,Chris,Chris Mayer,,,,,,,,
SSSE2022B-03,F,Laura,Laura Trujillo Liñan,,,,,,,,
,,,,,,,,,,,
SSSE2022B-04,A,Lance,Lance Strate,00:00,,,,,,,
SSSE2022B-04,B,Thom,Thom Gencarelli,02:00,,,,,,,
SSSE2022B-04,C,Ricardo,Ricardo Meneses,‘02:46,,,,,,,
SSSE2022B-04,D,Carmine,Carmine Giordano,‘14:07,,,,,,,
SSSE2022B-04,B,Thom,Thom Gencarelli,35:41,,,,,,,
SSSE2022B-04,E,Gina,Gina Valenti,35:53,,,,,,,
SSSE2022B-04,F,Martin,Martin H. Levinson,50:53,,,,,,,
SSSE2022B-04,G,Diane,Diane Cypkin,01:16:03,,,,,,,
SSSE2022B-04,H,Jacqueline,Jacqueline Rudig,01:25:08,,,,,,,
,,,,,,,,,,,
SSSE2022B-05,A,Lance,Lance Strate,,,,,,,,
SSSE2022B-05,B,Corey,Corey Anton,,,,,2,4,31,7480
,,,,,,,,,,,
cJToe-10,A,Curt,Curt Jaemungel,,,,,,,,
cJToe-10,B,Mike,Michael Levin,,,,,,,,
cJToe-10,C,Joscha,Joscha Bach,,,,,,,,
cJToe_Bio-10,A,Curt,Curt Jaemungel,,,,,,,,
cJToe_Bio-10,B,Mike,Michael Levin,,,,,,,,
