Series,Unique Event Name,Date,YouTube,Title or Name of Stream,Transcript,Github,Slides,Guests,Participants,Paper Link
GuestStream,"GuestStream ",4/25/2023,https://youtu.be/x_iSZAW9wyg,Free energy and individuation - developing a framework for a contemporary philosophy of psychedelics,,,,Aragorn Eloff,Daniel Friedman,
GuestStream,GuestStream #040.1,3/29/2023,https://www.youtube.com/watch?v=eZDSNPFS0Fs,Could large language models be conscious? A perspective from the free energy principle,,,,Wanja Wiese,Daniel Friedman,Could large language models be conscious? A perspective from the free energy principle
GuestStream,GuestStream #039.1,3/16/2023,https://www.youtube.com/watch?v=jXEJO_5g0ho,Sources of Richness and Ineffability for Phenomenally Conscious States,,,,Xu Ji,Daniel Friedman,Sources of Richness and Ineffability for Phenomenally Conscious States
GuestStream,GuestStream #038.1,3/9/2023,https://www.youtube.com/watch?v=mrFZwfYuthk,Oversampled and undersolved. (Depressive) Rumination from an active inference perspective.,,https://github.com/ActiveInferenceInstitute/ActiveInferenceJournal/tree/main/GuestStream/GuestStream_038,,Max Berg,Daniel Friedman,Oversampled and undersolved: Depressive rumination from an active inference perspective
GuestStream,GuestStream #037.1,2/28/2023,https://www.youtube.com/watch?v=xwybWzLFXGY,Baba Brinkman,,https://github.com/ActiveInferenceInstitute/ActiveInferenceJournal/tree/main/GuestStream/GuestStream_037,,Baba Brinkman,Daniel Friedman,
GuestStream,GuestStream #036.1,2/9/2023,https://www.youtube.com/watch?v=j5FVxPubslo,A Potential Mechanism for Gibsonian Resonance: Behavioral Entrainment Emerges from Local Homeostasis in an Unsupervised Reservoir Network,,https://github.com/ActiveInferenceInstitute/ActiveInferenceJournal/tree/main/GuestStream/GuestStream_036,,J Benjamin Falandays,Daniel Friedman,A Potential Mechanism for Gibsonian Resonance: Behavioral Entrainment Emerges from Local Homeostasis in an Unsupervised Reservoir Network
GuestStream,GuestStream #035.1,1/24/2023,https://youtu.be/tbHZC6D39C4,Jordan Hall & Matthew Pirkowski,,https://github.com/ActiveInferenceInstitute/ActiveInferenceJournal/tree/main/GuestStream/GuestStream_035,,"Jordan Hall,Matthew Pirkowski",Daniel Friedman,n/a
GuestStream,GuestStream #034.1,1/23/2023,https://youtu.be/9IPx38SHGqw,Physics of Creation - Can the Free Energy Principle ground the construction of physical statespaces?,,https://github.com/ActiveInferenceInstitute/ActiveInferenceJournal/tree/main/GuestStream/GuestStream_034,,"Avel GUÉNIN--CARLUT ","Daniel Friedman,Maxwell J D Ramstead,Alexis Rozanski",
GuestStream,GuestStream #033.1,1/17/2023,https://youtu.be/zICcGukKbAA,A taxonomy of surprise definitions,,,,"Alireza Modirshanechi ","Ali Rahmjoo,Daniel Friedman",A taxonomy of surprise definitions
GuestStream,GuestStream #032.1,1/10/2023,https://youtu.be/0pMxBM3ahwQ,A Neuro-Symbolic Approach to Language Understanding: Using an Ontology to Create A Language Model,,https://github.com/ActiveInferenceInstitute/ActiveInferenceJournal/tree/main/GuestStream/GuestStream_032,,Adam Pease,"Dave Douglass,Daniel Friedman",n/a
GuestStream,GuestStream #031.1,12/7/2022,https://youtu.be/57-aRIjUrC4,“Free Energy Principle & Active Inference in Synthetic Biological Intelligence: Existing Evidence & Current Challenges”,https://zenodo.org/record/7447893,https://github.com/ActiveInferenceInstitute/ActiveInferenceJournal/tree/main/GuestStream/GuestStream_031,,"Brett Kagan,Adeel Razi",,In vitro neurons learn and exhibit sentience when embodied in a simulated game-world
GuestStream,GuestStream #030.1,10/17/2022,https://youtu.be/QUBmgn7K_4E,"""The Human Governance Problem: Complex Systems and the Limits of Human Cognition""",,,,Kyrtin Atreides,Daniel Friedman,n/a
GuestStream,GuestStream #029.1,10/14/2022,https://youtu.be/UuXAjY9Wgdg,"Making Up Our Minds: Imaginative Deconstruction in MathArt, 1920 – Present",,,,Shanna Dobson,Daniel Friedman,"Making Up Our Minds: Imaginative Deconstruction in MathArt, 1920 – Present"
GuestStream,GuestStream #028.1,10/14/2022,https://youtu.be/KqiLO9Dfj-4,Reconceiving rationality: situating rationality into radically enactive cognition,,,,"Giovanni Rolla ",Daniel Friedman,Reconceiving rationality: situating rationality into radically enactive cognition
GuestStream,GuestStream #027.1,9/13/2022,https://youtu.be/Pw2vxMRxF5o,John Vervaeke,,,,John Vervaeke,,
GuestStream,GuestStream #026.1,8/12/2022,https://youtu.be/J7cu4slfIBA,From Users to (Sense)Makers: On the Pivotal Role of Stigmergic Social Annotation in the Quest for Collective Sensemaking,,,,"Dafna Shahaf,Lauren Hebert,Ronen Tamari,William Fischer",Daniel Friedman,From Users to (Sense)Makers: On the Pivotal Role of Stigmergic Social Annotation in the Quest for Collective Sensemaking
GuestStream,GuestStream #025.1,8/3/2022,https://youtu.be/ZYhrtsyzS_w,Autistic-Like Traits and Positive Schizotypy as Diametric Specializations of the Predictive Mind,,,,Brett Anderson,Daniel Friedman,Autistic-Like Traits and Positive Schizotypy as Diametric Specializations of the Predictive Mind
GuestStream,GuestStream #015.2,7/5/2022,https://youtu.be/WEfc9X437yY,The Integrated Evolutionary Synthesis: A Unifying Theory of Reality,,,,Bobby Azarian,Daniel Friedman,
GuestStream,GuestStream #024.1,6/28/2022,https://www.youtube.com/watch?v=tOFA7FODn8w,Explainable and Reliable AI,https://zenodo.org/record/7430486#,https://github.com/ActiveInferenceInstitute/ActiveInferenceJournal/tree/main/GuestStream/GuestStream_024,,Stephen Grossberg,"Ali Rahmjoo,Daniel Friedman",
GuestStream,GuestStream #023.1,6/13/2022,https://youtu.be/igY9iyowesc,Rebooting the Free Energy Principle Literature,,,,"Maxwell J D Ramstead,Dalton Sakthivadivel",Daniel Friedman,On Bayesian Mechanics: A Physics of and by Beliefs
GuestStream,GuestStream #016.2,6/11/2022,https://youtu.be/c0_Vf5_qiWk,Consciousness as Precision Optimization: Some Physiological and Philosophical Considerations,,,,Mark Solms,Daniel Friedman,Draft PDF
GuestStream,GuestStream #022.1,4/26/2022,https://youtu.be/4VApGjFESlE,Dopamine Nation,,,,Anna Lembke,Daniel Friedman,“Dopamine Nation”
GuestStream,GuestStream #021.1,4/25/2022,https://youtu.be/_MH7E58zKxY,A proposal for deflating deflationary accounts of free will; consciousness and the readiness to act,,,,Adam Safron,Daniel Friedman,A proposal for deflating deflationary accounts of free will; consciousness and the readiness to act
GuestStream,GuestStream #020.1,4/21/2022,https://youtu.be/SwUzTlGNI2A,Coordination dynamics of multi‑agent interaction in a musical ensemble,,,,Shannon Proksch,Daniel Friedman,Coordination dynamics of multi‑agent interaction in a musical ensemble
GuestStream,GuestStream #019.1,3/25/2022,https://youtu.be/e_JGrt4jbhE,Extended Predictive Minds: do Markov Blankets Matter?,,,,Marco Faccin,Daniel Friedman,Extended Predictive Minds: do Markov Blankets Matter?
GuestStream,GuestStream #018.1,3/14/2022,https://youtu.be/9zq1JUnN_eg,"The Literalist Fallacy & the Free Energy Principle: Model-building, Scientific Realism and Instrumentalism",,,,"Ian Robertson,Michael Kirchhoff,Julian Kiverstein",Daniel Friedman,"The Literalist Fallacy & the Free Energy Principle: Model-building, Scientific Realism and Instrumentalism"
GuestStream,GuestStream #017.1,3/9/2022,https://youtu.be/aEYQCmFl1Bw,Epistemic Communities under Active Inference,,,,Mahault Albarracin,Daniel Friedman,Epistemic Communities under Active Inference
GuestStream,GuestStream #016.1,1/22/2022,https://youtu.be/NHfGuwoCXI8,Consciousness as Precision Optimization: Some Physiological and Philosophical Considerations,,,,Mark Solms,"Daniel Friedman,Stephen Sillett,Dave Douglass",Draft PDF
GuestStream,GuestStream #015.1,1/18/2022,https://youtu.be/_JCaic5Cxms,Universal Bayesianism: A New Kind of Theory of Everything,,,,Bobby Azarian,Daniel Friedman,
GuestStream,GuestStream #014.1,1/10/2022,https://youtu.be/mjL3cGYEMNg,"Osteopathy and Mental Health: An Embodied, Predictive, and Interoceptive Framework",,,,Jorge E Esteves,Daniel Friedman,
GuestStream,GuestStream #010.1,11/19/2021,https://youtu.be/Hvr-RgWZ7p4,The Cotard Delusion: Case Study of the Cognitive Architecture of Self Representation. A Pilot without a vessel,,,,Philip Gerrans,"Daniel Friedman,Dave Douglass",n/a
GuestStream,GuestStream #013.1,11/8/2021 12:00 PM,https://youtu.be/eVbWeWEX9dA,ALtered Beliefs Under pSychedelics (ALBUS): A unified predictive processing framework for states of consciousness and their alterations,,,,Adam Safron,"Daniel Friedman,Bleu Knight",n/a
GuestStream,GuestStream #012.1,10/25/2021,https://youtu.be/zVvTAnRwigQ,"Event-Predictive Active Inference: Developing Conceptual, Compositional Cognition from Sensorimotor Experiences",,,,Martin V Butz,Daniel Friedman,n/a
GuestStream,GuestStream #011.1,10/22/2021 10:00 AM,https://youtu.be/Zvwt-98kcFM,The Ontology of Mental Behavior: Toward a Coherent Solution to the Problem of Psychology,,,https://docs.google.com/presentation/d/1WelviEjpg9A2OOU3Z59SRPIkoPeeOehNXbrxPcPwXKY/edit?usp=sharing,Gregg Henriques,"Daniel Friedman,Bleu Knight",n/a
GuestStream,GuestStream #009.1,8/20/2021,https://youtu.be/odkks5F9ZMM,Collective intelligence and active inference,,,,"Rafael Kaufmann,Pranav Gupta","Daniel Friedman,Bleu Knight",n/a
GuestStream,GuestStream #008.1,8/9/2021,https://youtu.be/m8gUev5aVFs,Exploring the Predictive Dynamics of Happiness and Well-Being,,,,"Mark Miller,Ines Hipolito,Julian Kiverstein",Daniel Friedman,n/a
GuestStream,GuestStream #007.1,5/28/2021,https://youtu.be/YjTD_Ifw_qA,How particular is the physics of the Free Energy Principle?,,,,"Miguel Aguilera,Christopher L. Buckley,Beren Millidge",Daniel Friedman,How particular is the physics of the Free Energy Principle?
GuestStream,GuestStream #006.1,5/10/2021,https://youtu.be/lwVIUz7O0jg,The First Prior: from Co-Embodiment to Co-Homeostasis in Early Life,,,,Anna Ciaunica,Daniel Friedman,The First Prior: from Co-Embodiment to Co-Homeostasis in Early Life
GuestStream,GuestStream #005.1,4/28/2021,https://youtu.be/Sxst-xBTMvU,A technical critique of some parts of the Free Energy Principle,,,,Martin Biehl,Daniel Friedman,A technical critique of some parts of the Free Energy Principle
GuestStream,GuestStream #004.1,4/14/2021,https://youtu.be/qEkW4YsN5PY,Natural language syntax complies with the free energy principle,,,,Elliot Murphy,Daniel Friedman,Natural language syntax complies with the free energy principle
GuestStream,GuestStream #003.1,4/7/2021,https://youtu.be/YS2X_oW6NrM,"Active Inference, VR, and Psychedelics",,,,Sarah Hashkes,Daniel Friedman,n/a
GuestStream,GuestStream #002.1,3/18/2021,https://youtu.be/5oSqT8a6-dQ,‘I interact therefore I am’ Human becoming in and through social interaction,,,,Dimitris Bolis,Daniel Friedman,n/a
GuestStream,GuestStream #001.1,2/24/2021,https://youtu.be/HZoZtiSwMvA,A critical analysis of Markovian monism,,,,Majid D Beni,Daniel Friedman,A critical analysis of Markovian monism
ModelStream,ModelStream #008.1,1/27/2023,https://youtu.be/Fh1e4sKh3Vs,Reward is Not Necessary: A Compositional Theory of Self-Preserving Agents with Empowerment Gain Maximization,,,,Tom Ringstrom,"Ali Rahmjoo,Daniel Friedman",Reward is Not Necessary: A Compositional Theory of Self-Preserving Agents with Empowerment Gain Maximization
ModelStream,ModelStream #007.2,1/18/2023,https://youtu.be/uX8iSoDR83g,pymdp,,https://github.com/ActiveInferenceInstitute/ActiveInferenceJournal/tree/main/ModelStream/ModelStream_007,,"Conor Heins,Karl J Friston","Daniel Friedman,Jakub Smékal,Adam Goldstein",pymdp
ModelStream,ModelStream #007.1,11/15/2022,https://youtu.be/skf3sOM-7WI,pymdp,https://zenodo.org/record/7447828#,https://github.com/ActiveInferenceInstitute/ActiveInferenceJournal/tree/main/ModelStream/ModelStream_007,,"Conor Heins,Daphne Demekas","Daniel Friedman,Jakub Smékal",pymdp
ModelStream,ModelStream #006.1,9/1/2022,https://youtu.be/xBKRLG97cz4,Branching Time Active Inference: the theory and its generality,,,,"Theophile Champion ","Ali Rahmjoo,Daniel Friedman",Branching Time Active Inference: the theory and its generality
ModelStream,ModelStream #005.1,1/28/2022,https://youtu.be/GR07coJNPUE,Contrastive Active Inference,,,,"Pietro Mazzaglia,Tim Verbelen",,n/a
ModelStream,ModelStream #004.1,8/19/2021,https://youtu.be/uePR4DQv0yI,Implementing Active Inference by Message Passing in a Factor Graph,,,,,,n/a
ModelStream,ModelStream #003.1,5/27/2021,https://youtu.be/G-S-kq42evw,Learning Generative State Space Models for Active Inference,,,,,,n/a
ModelStream,ModelStream #002.1,4/16/2021,https://youtu.be/UDm0lriAIJw,Active Inference: Demystified and Compared,,,,,,n/a
ModelStream,ModelStream #001.4,2/5/2021,https://youtu.be/QRGaGmT-VFM,A Step-by-Step Tutorial on Active Inference,,,,"Christopher Whyte,Ryan Smith",Daniel Friedman,n/a
ModelStream,ModelStream #001.3,1/29/2021,https://youtu.be/bDJbEofbvyk,A Step-by-Step Tutorial on Active Inference,,,,"Christopher Whyte,Ryan Smith","Daniel Friedman,Max Murphy",n/a
ModelStream,ModelStream #001.2,1/22/2021,https://youtu.be/bDJbEofbvyk,A Step-by-Step Tutorial on Active Inference,,,,"Christopher Whyte,Ryan Smith","Daniel Friedman,Max Murphy",n/a
ModelStream,ModelStream #001.1,1/15/2021,https://youtu.be/H5AolqFl2Nw,A Step-by-Step Tutorial on Active Inference,,,,"Christopher Whyte,Ryan Smith","Daniel Friedman,Max Murphy",n/a
Livestream,Livestream #053.2,3/30/2023,https://youtu.be/L6dhr5hUu8o,Snakes and Ladders in Paleoanthropology & To copy or not to copy…,,https://github.com/ActiveInferenceInstitute/ActiveInferenceJournal/tree/main/Livestream/LiveStream_053,https://docs.google.com/presentation/d/1SnFr-72nPn8yAesF17mT6gw6oTflStBdPVsjBxvPfpA/edit#slide=id.g1de1e8b382f_1_0,"Michael Walker,Héctor Manrique","Dean Tickles,Daniel Friedman,Ali Rahmjoo",Snakes and Ladders in Paleoanthropology & To copy or not to copy…
Livestream,Livestream #053.1,3/23/2023,https://www.youtube.com/watch?v=iHgxmn0ockg,Snakes and Ladders in Paleoanthropology & To copy or not to copy…,,https://github.com/ActiveInferenceInstitute/ActiveInferenceJournal/tree/main/Livestream/LiveStream_053,https://docs.google.com/presentation/d/1SnFr-72nPn8yAesF17mT6gw6oTflStBdPVsjBxvPfpA/edit#slide=id.g1de1e8b382f_1_0,"Michael Walker,Héctor Manrique","Dean Tickles,Daniel Friedman,Ali Rahmjoo",Snakes and Ladders in Paleoanthropology & To copy or not to copy…
Livestream,Livestream #053.0,3/17/2023,https://youtu.be/c7ybFyP9KrI,Snakes and Ladders in Paleoanthropology & To copy or not to copy…,,https://github.com/ActiveInferenceInstitute/ActiveInferenceJournal/tree/main/Livestream/LiveStream_053,https://docs.google.com/presentation/d/1SWfnos3UJ9nfeuEwhUnBdl5M4RnV2lQPpc_14Ubh_zc/edit#slide=id.gc77d90b7ef_1_17,,"Dean Tickles,Daniel Friedman",Snakes and Ladders in Paleoanthropology & To copy or not to copy…
Livestream,Livestream #052.2,3/9/2023,https://www.youtube.com/watch?v=RO3XVXqvAII,"Geometric Methods for Sampling, Optimisation, Inference and Adaptive Agents",,https://github.com/ActiveInferenceInstitute/ActiveInferenceJournal/tree/main/Livestream/LiveStream_052,https://docs.google.com/presentation/d/1OaNaSqJ7SJJQZe1pXZiEhyRLMUS7B19xHoZnoIFeyf0/edit#slide=id.gc77d90b7ef_1_17,Lancelot Da Costa,Daniel Friedman,"Geometric Methods for Sampling, Optimisation, Inference and Adaptive Agents"
Livestream,Livestream #052.1,3/2/2023,https://www.youtube.com/watch?v=00O1QK9FWh8,"Geometric Methods for Sampling, Optimisation, Inference and Adaptive Agents",,https://github.com/ActiveInferenceInstitute/ActiveInferenceJournal/tree/main/Livestream/LiveStream_052,https://docs.google.com/presentation/d/1OaNaSqJ7SJJQZe1pXZiEhyRLMUS7B19xHoZnoIFeyf0/edit#slide=id.gc77d90b7ef_1_17,Lancelot Da Costa,Daniel Friedman,"Geometric Methods for Sampling, Optimisation, Inference and Adaptive Agents"
Livestream,Livestream #052.0,3/1/2023,https://www.youtube.com/watch?v=LPj_ok8Pxxw,"Geometric Methods for Sampling, Optimisation, Inference and Adaptive Agents",,https://github.com/ActiveInferenceInstitute/ActiveInferenceJournal/tree/main/Livestream/LiveStream_052,https://docs.google.com/presentation/d/1FxhQzU8AOWB8LTYcmGv6hkXEl0k2WEAeXP83BccaC64/edit#slide=id.g211813dd47e_1_133,,Daniel Friedman,"Geometric Methods for Sampling, Optimisation, Inference and Adaptive Agents"
Livestream,Livestream #051.2,11/9/2022,https://youtu.be/hY_CajLpt9Q,Canonical neural networks perform active inference,https://zenodo.org/record/7400536,https://github.com/ActiveInferenceInstitute/ActiveInferenceJournal/tree/main/Livestream/LiveStream_051,https://docs.google.com/presentation/d/1m8NZvPp_Jm9qVRn47DaluGHLTH5WyGt_IKqzemgULI4/edit,Takuya Isomura,Daniel Friedman,Canonical neural networks perform active inference
Livestream,Livestream #050.2,11/3/2022,https://youtu.be/4o-LmkycAC0,"Interoception as modeling, allostasis as control",https://zenodo.org/record/7400709,https://github.com/ActiveInferenceInstitute/ActiveInferenceJournal/tree/main/Livestream/LiveStream_050,https://docs.google.com/presentation/d/1cMODFjlwMcSsVNHnz3b8ZT9Erv26VF2ABUgNDZUerKk/edit#slide=id.gc77d90b7ef_1_17,"Eli Sennesh,Jordan Theriault","Dean Tickles,Daniel Friedman,Ian Tennant","Interoception as modeling, allostasis as control"
Livestream,Livestream #051.1,11/2/2022,https://youtu.be/IM_NlUzyq8M,Canonical neural networks perform active inference,https://zenodo.org/record/7400536,https://github.com/ActiveInferenceInstitute/ActiveInferenceJournal/tree/main/Livestream/LiveStream_051,https://docs.google.com/presentation/d/1m8NZvPp_Jm9qVRn47DaluGHLTH5WyGt_IKqzemgULI4/edit,Takuya Isomura,Daniel Friedman,Canonical neural networks perform active inference
Livestream,Livestream #051.0,10/26/2022,https://youtu.be/ZASG-rtkXDk,Canonical neural networks perform active inference,https://zenodo.org/record/7400536,https://github.com/ActiveInferenceInstitute/ActiveInferenceJournal/tree/main/Livestream/LiveStream_051,https://docs.google.com/presentation/d/1yTx7ycmoGW0yXnGQy5fpLAfoI2pYo9zLPUUNlj2fKx8/edit?usp=sharing,,Daniel Friedman,Canonical neural networks perform active inference
Livestream,Livestream #050.1,10/20/2022,https://youtu.be/tGd-mgSdbio,"Interoception as modeling, allostasis as control",https://zenodo.org/record/7400709,https://github.com/ActiveInferenceInstitute/ActiveInferenceJournal/tree/main/Livestream/LiveStream_050,https://docs.google.com/presentation/d/1cMODFjlwMcSsVNHnz3b8ZT9Erv26VF2ABUgNDZUerKk/edit#slide=id.gc77d90b7ef_1_17,"Eli Sennesh,Jordan Theriault","Dean Tickles,Daniel Friedman","Interoception as modeling, allostasis as control"
Livestream,Livestream #050.0,10/17/2022,https://youtu.be/l7r0ISlr-Hc,"Interoception as modeling, allostasis as control",https://zenodo.org/record/7400709,https://github.com/ActiveInferenceInstitute/ActiveInferenceJournal/tree/main/Livestream/LiveStream_050,https://docs.google.com/presentation/d/17hQSVy1_F61KFOvZlMSUevoO_SsbPHOmFewcyk2Malc/edit#slide=id.gc77d90b7ef_1_17,,"Daniel Friedman,Dean Tickles","Interoception as modeling, allostasis as control"
Livestream,Livestream #049.2,10/12/2022,https://youtu.be/2SuBJBEg9LI,A Worked Example of the Bayesian Mechanics of Classical Objects,https://zenodo.org/record/7400786,https://github.com/ActiveInferenceInstitute/ActiveInferenceJournal/tree/main/Livestream/LiveStream_049,https://docs.google.com/presentation/d/1C_ghcJ_TlhAUEEkGnyc5KefSFXyDw5j5Qbp6-N6hkhY/edit?usp=sharing,Dalton Sakthivadivel,"Jakub Smékal,Ali Rahmjoo,Daniel Friedman",A Worked Example of the Bayesian Mechanics of Classical Objects
Livestream,Livestream #049.1,10/5/2022,https://youtu.be/dAtC-Enmc8M,A Worked Example of the Bayesian Mechanics of Classical Objects,https://zenodo.org/record/7400786,https://github.com/ActiveInferenceInstitute/ActiveInferenceJournal/tree/main/Livestream/LiveStream_049,https://docs.google.com/presentation/d/1C_ghcJ_TlhAUEEkGnyc5KefSFXyDw5j5Qbp6-N6hkhY/edit?usp=sharing,Dalton Sakthivadivel,"Jakub Smékal,Ali Rahmjoo,Daniel Friedman",A Worked Example of the Bayesian Mechanics of Classical Objects
Livestream,Livestream #049.0,9/30/2022,https://youtu.be/OtX2Fpzn7KA,A Worked Example of the Bayesian Mechanics of Classical Objects,https://zenodo.org/record/7400786,https://github.com/ActiveInferenceInstitute/ActiveInferenceJournal/tree/main/Livestream/LiveStream_049,https://docs.google.com/presentation/d/1Q0WrFgj5OyxHUkr8noxPwlwvvzxwY_DAjDU2Fpd5Cno/edit?usp=sharing,,"Jakub Smékal,Ali Rahmjoo",A Worked Example of the Bayesian Mechanics of Classical Objects
Livestream,Livestream #048.2,9/14/2022,https://youtu.be/hIIyYu2C-SI,Communication as Socially Extended Active Inference: An Ecological Approach to Communicative Behavior,https://zenodo.org/record/7401875,https://github.com/ActiveInferenceInstitute/ActiveInferenceJournal/tree/main/Livestream/LiveStream_048,https://docs.google.com/presentation/d/1yjfToWX_zspCwZZ7x363hbyGBF3t72L5jvg5tis3cLY/edit?usp=sharing,Rémi Tison,,Communication as Socially Extended Active Inference: An Ecological Approach to Communicative Behavior
Livestream,Livestream #048.1,9/7/2022,https://youtu.be/nWFM5zrdmG8,Communication as Socially Extended Active Inference: An Ecological Approach to Communicative Behavior,https://zenodo.org/record/7401875,https://github.com/ActiveInferenceInstitute/ActiveInferenceJournal/tree/main/Livestream/LiveStream_048,https://docs.google.com/presentation/d/1yjfToWX_zspCwZZ7x363hbyGBF3t72L5jvg5tis3cLY/edit?usp=sharing,Rémi Tison,,Communication as Socially Extended Active Inference: An Ecological Approach to Communicative Behavior
Livestream,Livestream #048.0,9/5/2022,https://youtu.be/zqiZjjY9H7M,Communication as Socially Extended Active Inference: An Ecological Approach to Communicative Behavior,https://zenodo.org/record/7401875,https://github.com/ActiveInferenceInstitute/ActiveInferenceJournal/tree/main/Livestream/LiveStream_048,https://docs.google.com/presentation/d/1E8mK-VO2JhKHNmKcCq3EqqAB_8ek8JAD-838aiDjyqA/edit?usp=sharing,,,Communication as Socially Extended Active Inference: An Ecological Approach to Communicative Behavior
Livestream,Livestream #047.2,8/17/2022,https://youtu.be/riJYh87FPx4,"“Enactive-Dynamic Social Cognition and Active Inference”

“Active Inference and Abduction”",https://zenodo.org/record/7401974,https://github.com/ActiveInferenceInstitute/ActiveInferenceJournal/tree/main/Livestream/LiveStream_047,https://docs.google.com/presentation/d/1YL_Smp5er1E6348t81gFqW1Fo7n8PWF2_W5Ys4SG_v4/edit#slide=id.gc77d90b7ef_1_17,Majid D Beni,,"“Enactive-Dynamic Social Cognition and Active Inference”

“Active Inference and Abduction”"
Livestream,Livestream #047.1,8/10/2022,https://youtu.be/riJYh87FPx4,"“Enactive-Dynamic Social Cognition and Active Inference”

“Active Inference and Abduction”",https://zenodo.org/record/7401974,https://github.com/ActiveInferenceInstitute/ActiveInferenceJournal/tree/main/Livestream/LiveStream_047,https://docs.google.com/presentation/d/1YL_Smp5er1E6348t81gFqW1Fo7n8PWF2_W5Ys4SG_v4/edit#slide=id.gc77d90b7ef_1_17,,,"“Enactive-Dynamic Social Cognition and Active Inference”

“Active Inference and Abduction”"
Livestream,Livestream #047.0,8/3/2022,https://youtu.be/WKjqw3My_xM,"“Enactive-Dynamic Social Cognition and Active Inference”

“Active Inference and Abduction”",https://zenodo.org/record/7401974,https://github.com/ActiveInferenceInstitute/ActiveInferenceJournal/tree/main/Livestream/LiveStream_047,https://docs.google.com/presentation/d/18wtQk1fHz-OdyddEiNzPzomX-g5eHq-Zp045LF4Rbwc/edit#slide=id.gc77d90b7ef_1_17,,,"“Enactive-Dynamic Social Cognition and Active Inference”

“Active Inference and Abduction”"
Livestream,Livestream #046.2,6/22/2022,https://youtu.be/7_YNInrALU8,Active inference models do not contradict folk psychology,https://zenodo.org/record/7402029,https://github.com/ActiveInferenceInstitute/ActiveInferenceJournal/tree/main/Livestream/LiveStream_046,https://docs.google.com/presentation/d/1GHDffM2pWGKUF_jz0F6SO74lykUEz5dVdolLzG6CefI/edit?usp=sharing,,,Active inference models do not contradict folk psychology
Livestream,Livestream #046.1,6/15/2022,https://youtu.be/JPsdk7pVa1I,Active inference models do not contradict folk psychology,https://zenodo.org/record/7402029,https://github.com/ActiveInferenceInstitute/ActiveInferenceJournal/tree/main/Livestream/LiveStream_046,https://docs.google.com/presentation/d/1GHDffM2pWGKUF_jz0F6SO74lykUEz5dVdolLzG6CefI/edit?usp=sharing,Alex Kiefer,,Active inference models do not contradict folk psychology
Livestream,Livestream #046.0,6/14/2022,https://youtu.be/skcKoCcAQJI,Active inference models do not contradict folk psychology,https://zenodo.org/record/7402029,https://github.com/ActiveInferenceInstitute/ActiveInferenceJournal/tree/main/Livestream/LiveStream_046,https://docs.google.com/presentation/d/1uv1j-LtCyAms2nL6KKWlj-bS8hAwRSMXRG49UempOJU/edit?usp=sharing,Ryan Smith,,Active inference models do not contradict folk psychology
Livestream,Livestream #045.2,6/8/2022,https://youtu.be/S5-jXzhiG18,The free energy principle made simpler but not too simple,https://zenodo.org/record/7402034,https://github.com/ActiveInferenceInstitute/ActiveInferenceJournal/tree/main/Livestream/LiveStream_045,https://docs.google.com/presentation/d/1645pSF7P5ag4QWUiC8X2RM5GFSgX_qfEFSuu1PI801U/edit?usp=sharing,"Karl J Friston,Thomas Parr",,The free energy principle made simpler but not too simple
Livestream,Livestream #045.1,6/1/2022,https://youtu.be/V0l9fOJgbtc,The free energy principle made simpler but not too simple,https://zenodo.org/record/7402034,https://github.com/ActiveInferenceInstitute/ActiveInferenceJournal/tree/main/Livestream/LiveStream_045,https://docs.google.com/presentation/d/1645pSF7P5ag4QWUiC8X2RM5GFSgX_qfEFSuu1PI801U/edit?usp=sharing,"Karl J Friston,Thomas Parr",,The free energy principle made simpler but not too simple
Livestream,Livestream #045.0,5/27/2022,https://youtu.be/9MQQKaKEXs0,The free energy principle made simpler but not too simple,https://zenodo.org/record/7402034,https://github.com/ActiveInferenceInstitute/ActiveInferenceJournal/tree/main/Livestream/LiveStream_045,https://docs.google.com/presentation/d/1pzkaclFNTQde6dIufAYaOOsShDIgCAeGiAMXOUAbryo/edit#slide=id.g12787e684c8_0_23,,,The free energy principle made simpler but not too simple
Livestream,Livestream #044.2,5/25/2022,https://youtu.be/9MQQKaKEXs0,Therapeutic Alliance as Active Inference: The Role of Therapeutic Touch and Synchrony,https://zenodo.org/record/7402036,https://github.com/ActiveInferenceInstitute/ActiveInferenceJournal/tree/main/Livestream/LiveStream_044,https://docs.google.com/presentation/d/1RP04arJam1zMYzHqNvHDQ4KIWWYHxLeSleID-AowsY8/edit?usp=sharing,"Jorge E Esteves,Zoe McParlin","Ian Tennant,Daniel Friedman",Therapeutic Alliance as Active Inference: The Role of Therapeutic Touch and Synchrony
Livestream,Livestream #044.1,5/18/2022,https://youtu.be/y1vtKYzVUaY,Therapeutic Alliance as Active Inference: The Role of Therapeutic Touch and Synchrony,https://zenodo.org/record/7402036,https://github.com/ActiveInferenceInstitute/ActiveInferenceJournal/tree/main/Livestream/LiveStream_044,https://docs.google.com/presentation/d/1RP04arJam1zMYzHqNvHDQ4KIWWYHxLeSleID-AowsY8/edit?usp=sharing,"Francesco Cerritelli,Jorge E Esteves,Zoe McParlin","Ian Tennant,Daniel Friedman",Therapeutic Alliance as Active Inference: The Role of Therapeutic Touch and Synchrony
Livestream,Livestream #044.0,5/13/2022,https://youtu.be/yNubOHOJeIQ,Therapeutic Alliance as Active Inference: The Role of Therapeutic Touch and Synchrony,https://zenodo.org/record/7402036,https://github.com/ActiveInferenceInstitute/ActiveInferenceJournal/tree/main/Livestream/LiveStream_044,https://docs.google.com/presentation/d/1JHNwWzefJDFVgVRxxBcL0jA7-Oc4NRkPd0U1lgwTUQE/edit#slide=id.gc77d90b7ef_1_17,,"Ian Tennant,Daniel Friedman",Therapeutic Alliance as Active Inference: The Role of Therapeutic Touch and Synchrony
Livestream,Livestream #043.2,5/11/2022,https://youtu.be/X0Q6JLDYWJo,Predictive Coding: a Theoretical and Experimental Review,https://zenodo.org/record/7402040,https://github.com/ActiveInferenceInstitute/ActiveInferenceJournal/tree/main/Livestream/LiveStream_043,https://docs.google.com/presentation/d/1GaqPIspg3sbaTGtl1sRtGoWGRI4b1SZPnV_aVBJyncM/edit#slide=id.gc77d90b7ef_1_17,,,Predictive Coding: a Theoretical and Experimental Review
Livestream,Livestream #043.1,5/4/2022,https://youtu.be/O4u8PRzk1vY,Predictive Coding: a Theoretical and Experimental Review,https://zenodo.org/record/7402040,https://github.com/ActiveInferenceInstitute/ActiveInferenceJournal/tree/main/Livestream/LiveStream_043,https://docs.google.com/presentation/d/1GaqPIspg3sbaTGtl1sRtGoWGRI4b1SZPnV_aVBJyncM/edit#slide=id.gc77d90b7ef_1_17,,,Predictive Coding: a Theoretical and Experimental Review
Livestream,Livestream #043.0,5/2/2022,https://youtu.be/cLe-rBtRXiQ,Predictive Coding: a Theoretical and Experimental Review,https://zenodo.org/record/7402040,https://github.com/ActiveInferenceInstitute/ActiveInferenceJournal/tree/main/Livestream/LiveStream_043,https://docs.google.com/presentation/d/1oKq-0hlKNV4b96roRFkf9GpmxYNZefE6U64DYAObLk8/edit?usp=sharing,,,Predictive Coding: a Theoretical and Experimental Review
Livestream,Livestream #042.2,4/27/2022,https://youtu.be/IXJn-BMsKVw,Robot navigation as hierarchical active inference,https://zenodo.org/record/7402231,https://github.com/ActiveInferenceInstitute/ActiveInferenceJournal/tree/main/Livestream/LiveStream_042,https://docs.google.com/presentation/d/1IeCyfvFu2sLdf2TGPFUfwvs1zexe2O0fsklVJo5jbtk/edit?usp=sharing,Tim Verbelen,,Robot navigation as hierarchical active inference
Livestream,Livestream #042.1,4/20/2022,https://youtu.be/UUQIVqcI-yw,Robot navigation as hierarchical active inference,https://zenodo.org/record/7402231,https://github.com/ActiveInferenceInstitute/ActiveInferenceJournal/tree/main/Livestream/LiveStream_042,https://docs.google.com/presentation/d/1IeCyfvFu2sLdf2TGPFUfwvs1zexe2O0fsklVJo5jbtk/edit?usp=sharing,"Tim Verbelen,Adam Safron",,Robot navigation as hierarchical active inference
Livestream,Livestream #042.0,4/18/2022,https://youtu.be/Dl6v-3COgCo,Robot navigation as hierarchical active inference,https://zenodo.org/record/7402231,https://github.com/ActiveInferenceInstitute/ActiveInferenceJournal/tree/main/Livestream/LiveStream_042,https://docs.google.com/presentation/d/13BMv1gvrv5o3S_NTXQ53PWjiIOVnPuyPm-nJVBdutuo/edit?usp=sharing,,,Robot navigation as hierarchical active inference
Livestream,Livestream #041.2,4/13/2022,https://youtu.be/RB2axUYnE8I,Extended active inference: Constructing predictive cognition beyond skulls,https://zenodo.org/record/7402220,https://github.com/ActiveInferenceInstitute/ActiveInferenceJournal/tree/main/Livestream/LiveStream_041,https://docs.google.com/presentation/d/1HYbuU6-RUIf6EFmwFCB-ap1EKOIzhv0PTV15iE6Cgpw/edit?usp=sharing,,,Extended active inference: Constructing predictive cognition beyond skulls
Livestream,Livestream #041.1,4/6/2022,https://youtu.be/H6rjjPZE5hs,Extended active inference: Constructing predictive cognition beyond skulls,https://zenodo.org/record/7402220,https://github.com/ActiveInferenceInstitute/ActiveInferenceJournal/tree/main/Livestream/LiveStream_041,https://docs.google.com/presentation/d/1HYbuU6-RUIf6EFmwFCB-ap1EKOIzhv0PTV15iE6Cgpw/edit?usp=sharing,,,Extended active inference: Constructing predictive cognition beyond skulls
Livestream,Livestream #041.0,4/5/2022,https://youtu.be/VsOqIxNYpPQ,Extended active inference: Constructing predictive cognition beyond skulls,https://zenodo.org/record/7402220,https://github.com/ActiveInferenceInstitute/ActiveInferenceJournal/tree/main/Livestream/LiveStream_041,https://docs.google.com/presentation/d/1_1_cAjUcc2Z8wuiLL89I7GFa6Ct9GoecV9Et96xjlyA/edit?usp=sharing,,,Extended active inference: Constructing predictive cognition beyond skulls
Livestream,Livestream #040.2,3/24/2022,https://youtu.be/Cgo-0UU848M,A free energy principle for generic quantum systems,,https://github.com/ActiveInferenceInstitute/ActiveInferenceJournal/tree/main/Livestream/LiveStream_040,https://docs.google.com/presentation/d/1N1vzN15cloGYGqtlehOSIhOY1fx_iIHLhtXW78iJaLQ/edit?usp=sharing,,,A free energy principle for generic quantum systems
Livestream,Livestream #040.1,3/17/2022,https://youtu.be/NkJKl_yF274,A free energy principle for generic quantum systems,,https://github.com/ActiveInferenceInstitute/ActiveInferenceJournal/tree/main/Livestream/LiveStream_040,https://docs.google.com/presentation/d/1N1vzN15cloGYGqtlehOSIhOY1fx_iIHLhtXW78iJaLQ/edit?usp=sharing,,,A free energy principle for generic quantum systems
Livestream,Livestream #040.0,3/10/2022,https://youtu.be/-qZYxSbJ38E,A free energy principle for generic quantum systems,,https://github.com/ActiveInferenceInstitute/ActiveInferenceJournal/tree/main/Livestream/LiveStream_040,https://docs.google.com/presentation/d/1UFFCfvSdcJhC0fiLjQWcxwVyWa_Dk8fEXm5nadouVYI/edit?usp=sharing,,,A free energy principle for generic quantum systems
Livestream,Livestream #039.2,3/9/2022,https://youtu.be/KbyPFR7xUDo,Morphogenesis as Bayesian inference: A variational approach to pattern formation and control in complex biological systems,https://zenodo.org/record/7402216,https://github.com/ActiveInferenceInstitute/ActiveInferenceJournal/tree/main/Livestream/LiveStream_039,https://docs.google.com/presentation/d/1sB5f9Yhy9SKYGnK87AnpVAdYsoSOhdS0_ZohNaV9KZM/edit?usp=sharing,,,Morphogenesis as Bayesian inference: A variational approach to pattern formation and control in complex biological systems
Livestream,Livestream #039.1,3/2/2022,https://youtu.be/R4C_DgP_khY,Morphogenesis as Bayesian inference: A variational approach to pattern formation and control in complex biological systems,https://zenodo.org/record/7402216,https://github.com/ActiveInferenceInstitute/ActiveInferenceJournal/tree/main/Livestream/LiveStream_039,https://docs.google.com/presentation/d/1sB5f9Yhy9SKYGnK87AnpVAdYsoSOhdS0_ZohNaV9KZM/edit?usp=sharing,,,Morphogenesis as Bayesian inference: A variational approach to pattern formation and control in complex biological systems
Livestream,Livestream #039.0,2/25/2022,https://youtu.be/yC-hgjv3ANk,Morphogenesis as Bayesian inference: A variational approach to pattern formation and control in complex biological systems,https://zenodo.org/record/7402216,https://github.com/ActiveInferenceInstitute/ActiveInferenceJournal/tree/main/Livestream/LiveStream_039,https://docs.google.com/presentation/d/1I9V17zNi0uu1ntq4geqjhMzQrt_vIWgFWWRYV4IrV_s/edit?usp=sharing,,"Daniel Friedman,Dean Tickles",Morphogenesis as Bayesian inference: A variational approach to pattern formation and control in complex biological systems
Livestream,Livestream #038.2,2/23/2022,https://youtu.be/0OQx04x8-zA,The evolution of brain architectures for predictive coding and active inference,https://zenodo.org/record/7402093,https://github.com/ActiveInferenceInstitute/ActiveInferenceJournal/tree/main/Livestream/LiveStream_038,https://docs.google.com/presentation/d/1Aycvf8frmnWfdxDHuEqznsC0J15I-285rik4dg2YFSg/edit?usp=sharing,,,The evolution of brain architectures for predictive coding and active inference
Livestream,Livestream #038.1,2/16/2022,https://youtu.be/azwqMjgfY8Y,The evolution of brain architectures for predictive coding and active inference,https://zenodo.org/record/7402093,https://github.com/ActiveInferenceInstitute/ActiveInferenceJournal/tree/main/Livestream/LiveStream_038,https://docs.google.com/presentation/d/1Aycvf8frmnWfdxDHuEqznsC0J15I-285rik4dg2YFSg/edit?usp=sharing,,,The evolution of brain architectures for predictive coding and active inference
Livestream,Livestream #038.0,2/16/2022,https://youtu.be/cOo4juE_zcI,The evolution of brain architectures for predictive coding and active inference,https://zenodo.org/record/7402093,https://github.com/ActiveInferenceInstitute/ActiveInferenceJournal/tree/main/Livestream/LiveStream_038,https://docs.google.com/presentation/d/1p1yU2IltHntD47s7-0w9NgiRRZQATMymtZSNJOrpI7g/edit?usp=sharing,,,The evolution of brain architectures for predictive coding and active inference
Livestream,Livestream #037.2,2/9/2022,https://youtu.be/6WP7mY13lzc,Free Energy: A User’s Guide,https://zenodo.org/record/7402087,https://github.com/ActiveInferenceInstitute/ActiveInferenceJournal/tree/main/Livestream/LiveStream_037,https://docs.google.com/presentation/d/1LZZ_6oUilg2tTQlRaVoJBtZlyQuZkcTirUV_wWWYqXk/edit?usp=sharing,,,Free Energy: A User’s Guide
Livestream,Livestream #037.1,2/2/2022,https://youtu.be/GHcpJ_bMuu4,Free Energy: A User’s Guide,https://zenodo.org/record/7402087,https://github.com/ActiveInferenceInstitute/ActiveInferenceJournal/tree/main/Livestream/LiveStream_037,https://docs.google.com/presentation/d/1LZZ_6oUilg2tTQlRaVoJBtZlyQuZkcTirUV_wWWYqXk/edit?usp=sharing,,,Free Energy: A User’s Guide
Livestream,Livestream #037.0,2/2/2022,https://youtu.be/chpbMBgDR84,Free Energy: A User’s Guide,https://zenodo.org/record/7402087,https://github.com/ActiveInferenceInstitute/ActiveInferenceJournal/tree/main/Livestream/LiveStream_037,https://docs.google.com/presentation/d/1fqjcWxFhHk6mpysqpefZkWfdtcGCmA2feRGwKkLg9_w/edit?usp=sharing,,,Free Energy: A User’s Guide
Livestream,Livestream #036.2,1/26/2022,https://youtu.be/Lo95GakwV5w,Modelling ourselves: what the free energy principle reveals about our implicit notions of representation,https://zenodo.org/record/7402083,https://github.com/ActiveInferenceInstitute/ActiveInferenceJournal/tree/main/Livestream/LiveStream_036,https://docs.google.com/presentation/d/16IYls8swc9mfDswGOdtcFJXQ4KqBeJe2-Hjr7vMfubU/edit?usp=sharing,,,Modelling ourselves: what the free energy principle reveals about our implicit notions of representation
Livestream,Livestream #036.1,1/19/2022,https://youtu.be/Lo95GakwV5w,Modelling ourselves: what the free energy principle reveals about our implicit notions of representation,https://zenodo.org/record/7402083,https://github.com/ActiveInferenceInstitute/ActiveInferenceJournal/tree/main/Livestream/LiveStream_036,https://docs.google.com/presentation/d/16IYls8swc9mfDswGOdtcFJXQ4KqBeJe2-Hjr7vMfubU/edit?usp=sharing,,,Modelling ourselves: what the free energy principle reveals about our implicit notions of representation
Livestream,Livestream #036.0,1/13/2022,https://youtu.be/cOo4juE_zcI,Modelling ourselves: what the free energy principle reveals about our implicit notions of representation,https://zenodo.org/record/7402083,https://github.com/ActiveInferenceInstitute/ActiveInferenceJournal/tree/main/Livestream/LiveStream_036,https://docs.google.com/presentation/d/1HgDnUVBTNeCqHJA7IiqMDZlH4QZXOfe6qpWXH7VyNq0/edit#slide=id.gc77d90b7ef_1_17,,Daniel Friedman,Modelling ourselves: what the free energy principle reveals about our implicit notions of representation
Livestream,Livestream #035.2,1/12/2022,https://youtu.be/sQWSkDQvnqk,"A tale of two architectures free energy, its models, and modularity",https://zenodo.org/record/7402080,https://github.com/ActiveInferenceInstitute/ActiveInferenceJournal/tree/main/Livestream/LiveStream_035,https://docs.google.com/presentation/d/1dpZxGx7tl8Uv2EmAvMOWceD-JPlLsN2YsZMlVpXwt8A/edit?usp=sharing,,,"A tale of two architectures free energy, its models, and modularity"
Livestream,Livestream #035.1,1/5/2022,https://youtu.be/RoMCBXy-7E0,"A tale of two architectures free energy, its models, and modularity",https://zenodo.org/record/7402080,https://github.com/ActiveInferenceInstitute/ActiveInferenceJournal/tree/main/Livestream/LiveStream_035,https://docs.google.com/presentation/d/1dpZxGx7tl8Uv2EmAvMOWceD-JPlLsN2YsZMlVpXwt8A/edit?usp=sharing,,,"A tale of two architectures free energy, its models, and modularity"
Livestream,Livestream #035.0,1/4/2022,https://www.youtube.com/watch?v=e-Ck8sxCME0,"A tale of two architectures free energy, its models, and modularity",https://zenodo.org/record/7402080,https://github.com/ActiveInferenceInstitute/ActiveInferenceJournal/tree/main/Livestream/LiveStream_035,https://docs.google.com/presentation/d/1u0jY266wPMqr4VWonvAy_SPmQXzCFT9pvlXYWostHFU/edit#slide=id.gc77d90b7ef_1_17,,,"A tale of two architectures free energy, its models, and modularity"
Livestream,Livestream 2021 Review,12/23/2021,https://youtu.be/4hTT6fUTMM8,End of 2021 Review,,,https://docs.google.com/presentation/d/168Eb2Ct0794gPsoyx2BgOKUdvJ6dMjKO3OHR4nGqj2M/edit?usp=sharing,,,
Livestream,Livestream #032.3,12/16/2021,https://youtu.be/-Y4OVfbxlMM,Stochastic Chaos and Markov Blankets,,,https://docs.google.com/presentation/d/1lEH4cWzQWm3hASHghG0Q1VlTsspesEBie9vXd8a5oAk/edit?usp=sharing,Conor Heins,"Daniel Friedman,Dean Tickles",Stochastic Chaos and Markov Blankets
Livestream,Livestream #034.2,12/14/2021,https://youtu.be/vkZ_vnN0--Y,"The free energy principle: it’s not about what it takes, it’s about what took you there",,,https://docs.google.com/presentation/d/1DCfJOtbudZSVp_X9AafOzPUMnf674ikfgpQnez7LUBs/edit?usp=sharing,,,"The free energy principle: it’s not about what it takes, it’s about what took you there"
Livestream,Livestream #034.1,12/7/2021,https://youtu.be/JtXvkawQ1rY,"The free energy principle: it’s not about what it takes, it’s about what took you there",,,https://docs.google.com/presentation/d/1DCfJOtbudZSVp_X9AafOzPUMnf674ikfgpQnez7LUBs/edit?usp=sharing,,,"The free energy principle: it’s not about what it takes, it’s about what took you there"
Livestream,Livestream #034.0,12/3/2021,https://youtu.be/Ga8EZMGO460,"The free energy principle: it’s not about what it takes, it’s about what took you there",,,https://docs.google.com/presentation/d/1DCfJOtbudZSVp_X9AafOzPUMnf674ikfgpQnez7LUBs/edit?usp=sharing,,"Daniel Friedman,Dean Tickles","The free energy principle: it’s not about what it takes, it’s about what took you there"
Livestream,Livestream #033.2,11/30/2021,https://youtu.be/S5nXqPysU3I,Thinking like a State - Embodied intelligence in the deep history of our collective minds,,,https://docs.google.com/presentation/d/1b07eOtKdPeVbvzRh-_ypvkI8zvaLbLqJMoeDDlKlwts/edit#slide=id.gc77d90b7ef_1_17,,"Daniel Friedman,Dean Tickles,Stephen Sillett,Dave Douglass",Thinking like a State - Embodied intelligence in the deep history of our collective minds
Livestream,Livestream #033.1,11/23/2021,https://youtu.be/LQuXltGQ8Xk,Thinking like a State - Embodied intelligence in the deep history of our collective minds,,,https://docs.google.com/presentation/d/1b07eOtKdPeVbvzRh-_ypvkI8zvaLbLqJMoeDDlKlwts/edit#slide=id.gc77d90b7ef_1_17,"Avel GUÉNIN--CARLUT ","Daniel Friedman,Bleu Knight,Dean Tickles,Stephen Sillett",Thinking like a State - Embodied intelligence in the deep history of our collective minds
Livestream,Livestream #033.0,11/18/2021,https://youtu.be/iIfDvVRgsjQ,Thinking like a State - Embodied intelligence in the deep history of our collective minds,,,https://docs.google.com/presentation/d/1rFEHG5Pk_ZxJTlB29dpbcFVBHzraR-_uvjc0EhhNVSo/edit?usp=sharing,,"Bleu Knight,Avel GUÉNIN--CARLUT ,Stephen Sillett,Daniel Friedman",Thinking like a State - Embodied intelligence in the deep history of our collective minds
Livestream,Livestream #032.2,11/16/2021,https://youtu.be/ElKVfCJrIHM,Stochastic Chaos and Markov Blankets,,,https://docs.google.com/presentation/d/1lEH4cWzQWm3hASHghG0Q1VlTsspesEBie9vXd8a5oAk/edit?usp=sharing,,"Daniel Friedman,Dean Tickles,Stephen Sillett",Stochastic Chaos and Markov Blankets
Livestream,Livestream #032.1,11/9/2021,https://youtu.be/wqoeyrW2Yqg,Stochastic Chaos and Markov Blankets,,,https://docs.google.com/presentation/d/1lEH4cWzQWm3hASHghG0Q1VlTsspesEBie9vXd8a5oAk/edit?usp=sharing,,"Daniel Friedman,Stephen Sillett,Dean Tickles",Stochastic Chaos and Markov Blankets
Livestream,Livestream #032.0,11/7/2021,https://youtu.be/7_JLMK3agpA,Stochastic Chaos and Markov Blankets,,,https://docs.google.com/presentation/d/1hC5Q-S-25OX54bQLEbYjRq-5p-qlNdFBlrBOwJVJfag/edit?usp=sharing,,Daniel Friedman,Stochastic Chaos and Markov Blankets
Livestream,Livestream #031.2,10/26/2021,https://www.youtube.com/watch?v=GYJ0UC6ykxk&t=1906s,Non-equilibrium thermodynamics and the free energy principle in biology,,,https://docs.google.com/presentation/d/1qpcIiX_iFqL6VLLx-_YQ5-x7l54glk3zGbJYZPyTXME/edit#slide=id.gc77d90b7ef_1_17,,"Daniel Friedman,Bleu Knight,Stephen Sillett,Dave Douglass",Non-equilibrium thermodynamics and the free energy principle in biology
Livestream,Livestream #031.1,10/19/2021 7:00 AM,https://youtu.be/4XR8mIw9gcc,Non-equilibrium thermodynamics and the free energy principle in biology,,,https://docs.google.com/presentation/d/1qpcIiX_iFqL6VLLx-_YQ5-x7l54glk3zGbJYZPyTXME/edit?usp=sharing,,"Daniel Friedman,Bleu Knight,Stephen Sillett,Maxwell Ramstead",Non-equilibrium thermodynamics and the free energy principle in biology
Livestream,Livestream #031.0,10/14/2021 10:30 AM,https://youtu.be/imPNfqsHbjI,Non-equilibrium thermodynamics and the free energy principle in biology,,,https://docs.google.com/presentation/d/1WXRrDTGpfvMYeK9B3P3gWPvD4MgUkxpTVhS0I4vIepo/edit?usp=sharing,,"Daniel Friedman,Bleu Knight",Non-equilibrium thermodynamics and the free energy principle in biology
Livestream,Livestream #030.2,10/12/2021 7:00 AM,https://youtu.be/VXLNOfkH5Rg,"How to count biological minds: symbiosis, the free energy principle, and reciprocal multiscale integration",,,https://docs.google.com/presentation/d/1hDJF-_ncrCbv9W8_A04hD27zoXxI3xOjOlmKTZqq2lY/edit?usp=sharing,,"Daniel Friedman,Stephen Sillett,Dave Douglass,Bleu Knight","How to count biological minds: symbiosis, the free energy principle, and reciprocal multiscale integration"
Livestream,Livestream #030.1,10/5/2021 7:00 AM,https://youtu.be/5H164LqEwiA,"How to count biological minds: symbiosis, the free energy principle, and reciprocal multiscale integration",,,https://docs.google.com/presentation/d/1hDJF-_ncrCbv9W8_A04hD27zoXxI3xOjOlmKTZqq2lY/edit?usp=sharing,Matt Sims,"Daniel Friedman,Bleu Knight,Stephen Sillett,Shannon Proksch,Dave Douglass","How to count biological minds: symbiosis, the free energy principle, and reciprocal multiscale integration"
Livestream,Livestream #030.0,10/1/2021,https://youtu.be/N3WUpVH8-D8,"How to count biological minds: symbiosis, the free energy principle, and reciprocal multiscale integration",,,https://docs.google.com/presentation/d/1lm28QgwxyY4CklxCsa3kVbEQqgLtaApsOXZxY_m3u9Y/edit?usp=sharing,,"Daniel Friedman,Bleu Knight","How to count biological minds: symbiosis, the free energy principle, and reciprocal multiscale integration"
Livestream,Livestream #029.2,9/28/2021,https://youtu.be/Z4S5JVoeGBw,Active Inferants: An Active Inference Framework for Ant Colony Behavior,,,https://docs.google.com/presentation/d/1BcZZ02Hv5DdnWgLA4oasYODdBypBnrrtlyaazyhDgjU/edit?usp=sharing,,"Daniel Friedman,Bleu Knight,Stephen Sillett",Active Inferants: An Active Inference Framework for Ant Colony Behavior
Livestream,Livestream #029.1,9/21/2021,https://youtu.be/Z4S5JVoeGBw,Active Inferants: An Active Inference Framework for Ant Colony Behavior,,,https://docs.google.com/presentation/d/1BcZZ02Hv5DdnWgLA4oasYODdBypBnrrtlyaazyhDgjU/edit?usp=sharing,Maxwell Ramstead,"Bleu Knight,Daniel Friedman,Stephen Sillett",Active Inferants: An Active Inference Framework for Ant Colony Behavior
Livestream,Livestream #029.0,9/17/2021,https://youtu.be/SNbfAkOokAI,Active Inferants: An Active Inference Framework for Ant Colony Behavior,,,https://docs.google.com/presentation/d/1wqFTPXqr0zD71i3Xc6VeM--Wic1I63EZtb9Hwv9WM84/edit?usp=sharing,,"Daniel Friedman,Bleu Knight",Active Inferants: An Active Inference Framework for Ant Colony Behavior
Livestream,Livestream #028.2,9/14/2021,https://youtu.be/sEyNwzUuiII,Towards a computational phenomenology of mental action: modelling meta-awareness and attentional control with deep parametric active inference,,,https://docs.google.com/presentation/d/1MYVwtaEqwl3vafSpQ7T24IRy4i25cGl7SFdpOlK2VHs/edit?usp=sharing,,"Daniel Friedman,Dave Douglass,Dean Tickles,Stephen Sillett,Bleu Knight",Towards a computational phenomenology of mental action: modelling meta-awareness and attentional control with deep parametric active inference
Livestream,Livestream #028.1,9/7/2021,https://youtu.be/eX5jt3HP27c,Towards a computational phenomenology of mental action: modelling meta-awareness and attentional control with deep parametric active inference,,,https://docs.google.com/presentation/d/1MYVwtaEqwl3vafSpQ7T24IRy4i25cGl7SFdpOlK2VHs/edit?usp=sharing,Lars Sandved-Smith,"Daniel Friedman,Dean Tickles,Dave Douglass,Scott David,Bleu Knight,Stephen Sillett",Towards a computational phenomenology of mental action: modelling meta-awareness and attentional control with deep parametric active inference
Livestream,Livestream #028.0,9/6/2021,https://youtu.be/sjdjRJMRVfw,Towards a computational phenomenology of mental action: modelling meta-awareness and attentional control with deep parametric active inference,,,https://docs.google.com/presentation/d/1JZ_nZZVNIr2ORPsOf2Ek89C7mP1PfllJcY45vzSFAqc/edit?usp=sharing,,"Daniel Friedman,Dean Tickles,Bleu Knight,Stephen Sillett",Towards a computational phenomenology of mental action: modelling meta-awareness and attentional control with deep parametric active inference
Livestream,Livestream #027.2,8/31/2021,https://youtu.be/MWWV3U-Llk4,Active Inference: Applicability to Different Types of Social Organization Explained through Reference to Industrial Engineering and Quality Management,,,https://docs.google.com/presentation/d/1Z9V82S7GQGXk2Hflx9Rk2W6szrVP2CuGRdtS309b9Kg/edit?usp=sharing,Stephen Fox,"Daniel Friedman,Stephen Sillett,Bleu Knight",Active Inference: Applicability to Different Types of Social Organization Explained through Reference to Industrial Engineering and Quality Management
Livestream,Livestream #027.1,8/24/2021,https://youtu.be/Oq2oM55OKzE,Active Inference: Applicability to Different Types of Social Organization Explained through Reference to Industrial Engineering and Quality Management,,,https://docs.google.com/presentation/d/1Z9V82S7GQGXk2Hflx9Rk2W6szrVP2CuGRdtS309b9Kg/edit?usp=sharing,Stephen Fox,"Daniel Friedman,Dean Tickles,Stephen Sillett,Bleu Knight,Scott David",Active Inference: Applicability to Different Types of Social Organization Explained through Reference to Industrial Engineering and Quality Management
Livestream,Livestream #027.0,8/23/2021,https://youtu.be/qw0SkhnHWWI,Active Inference: Applicability to Different Types of Social Organization Explained through Reference to Industrial Engineering and Quality Management,,,https://docs.google.com/presentation/d/1-hTtKztSAMPLgMbS7mueT-QKXrtbxXsii03vZysezRI/edit?usp=sharing,,"Daniel Friedman,Dean Tickles,Bleu Knight",Active Inference: Applicability to Different Types of Social Organization Explained through Reference to Industrial Engineering and Quality Management
Livestream,Livestream #026.2,8/17/2021,https://youtu.be/SH2v6joMD4k,Bayesian Mechanics for Stationary Processes,,,https://docs.google.com/presentation/d/1ss_ITFhw4zUPlpTWS5hP3Xnzn7E-KCZvTfbdOsXFZk4/edit?usp=sharing,Lancelot Da Costa,"Daniel Friedman,Dave Douglass,Stephen Sillett,Dean Tickles,Scott David",Bayesian Mechanics for Stationary Processes
Livestream,Livestream #026.1,8/10/2021,https://youtu.be/1rHz3Ir5v9c,Bayesian Mechanics for Stationary Processes,,,https://docs.google.com/presentation/d/1ss_ITFhw4zUPlpTWS5hP3Xnzn7E-KCZvTfbdOsXFZk4/edit?usp=sharing,"Lancelot Da Costa,Conor Heins","Daniel Friedman,Dean Tickles,Avel GUÉNIN--CARLUT ,Stephen Sillett,Dave Douglass",Bayesian Mechanics for Stationary Processes
Livestream,Livestream #026.0,8/6/2021,https://youtu.be/eZlG_J7sPj4,Bayesian Mechanics for Stationary Processes,,,https://docs.google.com/presentation/d/14VXbkJZlQcxspCtu-PRrDqgCAw4qNbUfBZ5BzcsmvbU/edit?usp=sharing,,Daniel Friedman,Bayesian Mechanics for Stationary Processes
Livestream,Livestream #025.2,7/15/2021,https://youtu.be/XSYxOt8CRDI,The Computational Boundary of a “Self”: Developmental Bioelectricity Drives Multicellularity and Scale-Free Cognition,,,https://docs.google.com/presentation/d/1Z8ulDK8Hzk_0pcPvLUwYMr8e7PDipNZr4JNXwh09JgA/edit?usp=sharing,Michael Levin,"Bleu Knight,Cere Davis,Stephen Sillett",The Computational Boundary of a “Self”: Developmental Bioelectricity Drives Multicellularity and Scale-Free Cognition
Livestream,Livestream #025.1,7/6/2021,https://youtu.be/v0oJvbVuAF0,The Computational Boundary of a “Self”: Developmental Bioelectricity Drives Multicellularity and Scale-Free Cognition,,,https://docs.google.com/presentation/d/1Z8ulDK8Hzk_0pcPvLUwYMr8e7PDipNZr4JNXwh09JgA/edit?usp=sharing,,"Daniel Friedman,Dave Douglass,Stephen Sillett,Bleu Knight,Scott David",The Computational Boundary of a “Self”: Developmental Bioelectricity Drives Multicellularity and Scale-Free Cognition
Livestream,Livestream #025.0,7/1/2021,https://youtu.be/4JfGs_m5QHo,The Computational Boundary of a “Self”: Developmental Bioelectricity Drives Multicellularity and Scale-Free Cognition,,,https://docs.google.com/presentation/d/1CfvKhuCVHtGzMFjj9F2x6hcpyQbUrXhphUnZiRi9tYE/edit?usp=sharing,,"Daniel Friedman,Bleu Knight,Cere Davis",The Computational Boundary of a “Self”: Developmental Bioelectricity Drives Multicellularity and Scale-Free Cognition
Livestream,Livestream #024.2,6/29/2021,https://youtu.be/lqxl8w_JGek,An empirical evaluation of active inference in multi-armed bandits,,,https://docs.google.com/presentation/d/1mYoHk74Y4nw5m31xV8V2yo7G9k-MQ1iS7cOUasDoNPM/edit?usp=sharing,,,An empirical evaluation of active inference in multi-armed bandits
Livestream,Livestream #024.1,6/22/2021,https://youtu.be/a089q9RaI14,An empirical evaluation of active inference in multi-armed bandits,,,https://docs.google.com/presentation/d/1mYoHk74Y4nw5m31xV8V2yo7G9k-MQ1iS7cOUasDoNPM/edit?usp=sharing,,,An empirical evaluation of active inference in multi-armed bandits
Livestream,Livestream #024.0,6/16/2021,https://youtu.be/Fx7xWUU1MlI,An empirical evaluation of active inference in multi-armed bandits,,,https://docs.google.com/presentation/d/1WXpDgPJkfvBvCjwOWfGgYLLZeuLWFsHu_MQfq6aZ0J8/edit?usp=sharing,,,An empirical evaluation of active inference in multi-armed bandits
Livestream,Livestream #023.2,6/15/2021,https://youtu.be/bjYUbKlfHUo,Embodied skillful performance: where the action is,,,https://docs.google.com/presentation/d/1ZddeR2vCl-rt8IuQNtykOAWRUEIlGt4HOQhrk3ccnBM/edit?usp=sharing,,,Embodied skillful performance: where the action is
Livestream,Livestream #023.1,6/8/2021,https://youtu.be/PgzQrHSu1CU,Embodied skillful performance: where the action is,,,https://docs.google.com/presentation/d/1ZddeR2vCl-rt8IuQNtykOAWRUEIlGt4HOQhrk3ccnBM/edit?usp=sharing,,,Embodied skillful performance: where the action is
Livestream,Livestream #023.0,5/27/2021,https://youtu.be/8JrGE02KzuY,Embodied skillful performance: where the action is,,,https://docs.google.com/presentation/d/1ZddeR2vCl-rt8IuQNtykOAWRUEIlGt4HOQhrk3ccnBM/edit?usp=sharing,,,Embodied skillful performance: where the action is
Livestream,Livestream #022.2,5/25/2021,https://youtu.be/wiUDw6vk644,Psychophysical identity and free energy,,,https://docs.google.com/presentation/d/1NPcs775aN9Tct0sBIPzQRiimVlNhl9GTEHoi_tMw8lM/edit?usp=sharing,,,Psychophysical identity and free energy
Livestream,Livestream #022.1,5/18/2021,https://youtu.be/v60cQUiu1NE,Psychophysical identity and free energy,,,https://docs.google.com/presentation/d/1NPcs775aN9Tct0sBIPzQRiimVlNhl9GTEHoi_tMw8lM/edit?usp=sharing,,,Psychophysical identity and free energy
Livestream,Livestream #022.0,5/13/2021,https://youtu.be/bNB-7nQDdwM,Psychophysical identity and free energy,,,https://docs.google.com/presentation/d/1u-AywrzTLyaiWrbcKBfiqPiwv0pUzwNLjJ5fqUQY274/edit?usp=sharing,,,Psychophysical identity and free energy
Livestream,Livestream #021.2,5/11/2021,https://youtu.be/i5WwQ4WXGNo,"Science-Driven Societal Transformation, Part I: Worldview                                                 Science-Driven Societal Transformation, Part II: Motivation and Strategy                                                       Science-Driven Societal Transformation, Part III: Design",,,https://jamboard.google.com/d/1KELstZlk_6uRxN3kecjlzzKjyjJ3DMUwDWWi4AAtbk8/edit?usp=sharing,,,"Science-Driven Societal Transformation, Part I: Worldview                                                 Science-Driven Societal Transformation, Part II: Motivation and Strategy                                                       Science-Driven Societal Transformation, Part III: Design"
Livestream,Livestream #021.1,5/4/2021,https://youtu.be/mbEqoCV16q4,"Science-Driven Societal Transformation, Part I: Worldview                                                 Science-Driven Societal Transformation, Part II: Motivation and Strategy                                                       Science-Driven Societal Transformation, Part III: Design",,,https://jamboard.google.com/d/1xh6lP2PKOQK4gCxitdfeid9lKdBSoG2w5bZ6b6ZS1mE/edit?usp=sharing,,,"Science-Driven Societal Transformation, Part I: Worldview                                                 Science-Driven Societal Transformation, Part II: Motivation and Strategy                                                       Science-Driven Societal Transformation, Part III: Design"
Livestream,Livestream #021.04,4/27/2021,https://youtu.be/PakWPvu07OM,"Science-Driven Societal Transformation, Part I: Worldview                                                 Science-Driven Societal Transformation, Part II: Motivation and Strategy                                                       Science-Driven Societal Transformation, Part III: Design",,,https://jamboard.google.com/d/1RcXDX9uj51hUCVD2qa4P10lJMorCAfDyTMhT4muzx_o/edit?usp=sharing,,,"Science-Driven Societal Transformation, Part I: Worldview                                                 Science-Driven Societal Transformation, Part II: Motivation and Strategy                                                       Science-Driven Societal Transformation, Part III: Design"
Livestream,Livestream #020.2,4/27/2021,https://youtu.be/q3qBepJf3vA,The Emperor’s New Markov Blankets [2020 version],,,https://docs.google.com/presentation/d/12vkZTEbPSSfVn8NCy-Qli9w2OTPyD6Lf2f_N0d1UDc8/edit?usp=sharing,,,The Emperor’s New Markov Blankets [2020 version]
Livestream,Livestream #021.03,4/20/2021,https://youtu.be/idO34jucRIw,"Science-Driven Societal Transformation, Part I: Worldview                                                 Science-Driven Societal Transformation, Part II: Motivation and Strategy                                                       Science-Driven Societal Transformation, Part III: Design",,,https://jamboard.google.com/d/1sCGCZirNnchkzscph1GY-40ozm8s_bNkgVvtsAqMVc8/edit?usp=sharing,,,"Science-Driven Societal Transformation, Part I: Worldview                                                 Science-Driven Societal Transformation, Part II: Motivation and Strategy                                                       Science-Driven Societal Transformation, Part III: Design"
Livestream,Livestream #020.1,4/20/2021,https://youtu.be/szCSh8pVEa4,The Emperor’s New Markov Blankets [2020 version],,,https://docs.google.com/presentation/d/12vkZTEbPSSfVn8NCy-Qli9w2OTPyD6Lf2f_N0d1UDc8/edit?usp=sharing,,,The Emperor’s New Markov Blankets [2020 version]
Livestream,Livestream #020.0,4/15/2021,https://youtu.be/1VTviUyntt8,The Emperor’s New Markov Blankets [2020 version],,,https://docs.google.com/presentation/d/1jub3Xa2oeYQS1EPVzbDsEpAIsdBeuY2eM7X7W4QlRuE/edit?usp=sharing,,,The Emperor’s New Markov Blankets [2020 version]
Livestream,Livestream #019.2,4/13/2021,https://youtu.be/z_hArARMQ20,Deeply Felt Affect: The Emergence of Valence in Deep Active Inference,,,https://docs.google.com/presentation/d/1SZRv4S_isYFO-XfXdO8xXMuVW57iCHESJb_u4UAKqfs/edit#slide=id.gc77d90b7ef_1_17,,,Deeply Felt Affect: The Emergence of Valence in Deep Active Inference
Livestream,Livestream #019.1,4/6/2021,https://youtu.be/SMQvRspIzpQ,Deeply Felt Affect: The Emergence of Valence in Deep Active Inference,,,https://docs.google.com/presentation/d/1SZRv4S_isYFO-XfXdO8xXMuVW57iCHESJb_u4UAKqfs/edit#slide=id.gc77d90b7ef_1_17,,,Deeply Felt Affect: The Emergence of Valence in Deep Active Inference
Livestream,Livestream #019.0,4/1/2021,https://youtu.be/1FbOzAJ8CRQ,Deeply Felt Affect: The Emergence of Valence in Deep Active Inference,,,https://docs.google.com/presentation/d/1TLJIBjFBHxqk45Sa74Wl-EjwEMdnQiX1DkKJTL2oeuQ/edit#slide=id.gc77d90b7ef_1_17,,,Deeply Felt Affect: The Emergence of Valence in Deep Active Inference
Livestream,Livestream #018.2,3/30/2021,https://youtu.be/Y8Y4f-SEcsI,The predictive global neuronal workspace: A formal active inference model of visual consciousness,,,https://docs.google.com/presentation/d/1UywNkjSzzH8qFJFABJ-KefseWpm2KNcuNH_U9Vo58ck/edit#slide=id.gc77d90b7ef_1_17,,,The predictive global neuronal workspace: A formal active inference model of visual consciousness
Livestream,Livestream #018.1,3/23/2021,https://youtu.be/Y8Y4f-SEcsI,The predictive global neuronal workspace: A formal active inference model of visual consciousness,,,https://docs.google.com/presentation/d/1UywNkjSzzH8qFJFABJ-KefseWpm2KNcuNH_U9Vo58ck/edit#slide=id.gc77d90b7ef_1_17,,,The predictive global neuronal workspace: A formal active inference model of visual consciousness
Livestream,Livestream #018.0,3/17/2021,https://youtu.be/1z1MHiHiYuM,The predictive global neuronal workspace: A formal active inference model of visual consciousness,,,https://docs.google.com/presentation/d/1SDRSg_NP6R_t_9wcW4R1C7zmHllBZnHNw517WE4tMls/edit#slide=id.gc77d90b7ef_1_17,,,The predictive global neuronal workspace: A formal active inference model of visual consciousness
Livestream,Livestream #017.2,3/16/2021,https://youtu.be/zF-EUnA-di4,Information flow in context-dependent hierarchical Bayesian inference,,,https://docs.google.com/presentation/d/1vlpIHLnxX6dccJ8HtbiKG-JMZz2WSfzlMW9rCqeU7Zs/edit#slide=id.gbae9eeb266_0_1446,,,Information flow in context-dependent hierarchical Bayesian inference
Livestream,Livestream #017.1,3/9/2021,https://youtu.be/ldg2An-tEIE,Information flow in context-dependent hierarchical Bayesian inference,,,https://docs.google.com/presentation/d/1vlpIHLnxX6dccJ8HtbiKG-JMZz2WSfzlMW9rCqeU7Zs/edit#slide=id.gbae9eeb266_0_1446,,,Information flow in context-dependent hierarchical Bayesian inference
Livestream,Livestream #017.0,3/3/2021,https://youtu.be/o7sJ-5vFJGk,Information flow in context-dependent hierarchical Bayesian inference,,,https://docs.google.com/presentation/d/1Ttkd0jH4oezXSOy4zWV2IQpt50oT6DfxV0TNJO8QZks/edit#slide=id.gbae9eeb266_0_1446,,,Information flow in context-dependent hierarchical Bayesian inference
Livestream,Livestream #016.2,2/23/2021,https://youtu.be/93lAa-xEmHY,“The neural correlates of consciousness under the free energy principle: From computational correlates to computational explanation”,,,https://docs.google.com/presentation/d/1eJXT_K34o_yZB92UpPUjf32gtYj268yY7sZfhGGNk6c/edit#slide=id.gb7b2774d68_0_0,,,“The neural correlates of consciousness under the free energy principle: From computational correlates to computational explanation”
Livestream,Livestream #016.1,2/16/2021,https://youtu.be/P6LiF4gTfUo,“The neural correlates of consciousness under the free energy principle: From computational correlates to computational explanation”,,,https://docs.google.com/presentation/d/1eJXT_K34o_yZB92UpPUjf32gtYj268yY7sZfhGGNk6c/edit#slide=id.gb7b2774d68_0_0,,,“The neural correlates of consciousness under the free energy principle: From computational correlates to computational explanation”
Livestream,Livestream #016.0,2/11/2021,https://youtu.be/i13aBAWuJxk,“The neural correlates of consciousness under the free energy principle: From computational correlates to computational explanation”,,,https://docs.google.com/presentation/d/1WeVqrV_uOJOWTOlEiD24xOzWx95_3UGxinrAg_eQ4uY/edit#slide=id.gbae9eeb266_0_1446,,,“The neural correlates of consciousness under the free energy principle: From computational correlates to computational explanation”
Livestream,Livestream #015.2,2/9/2021,https://youtu.be/iJp_Tm6Ej68,"“Free-Energy Principle, Computationalism and Realism: a Tragedy""",,,https://docs.google.com/presentation/d/1C9UmqOIPMqgaZFsYWekBFT7ViPs9Fj1v7C24-3kJIrc/edit#slide=id.gb7b2774d68_0_0,,,"“Free-Energy Principle, Computationalism and Realism: a Tragedy"""
Livestream,Livestream #015.1,2/2/2021,https://youtu.be/5VPKmVoRvRY,"“Free-Energy Principle, Computationalism and Realism: a Tragedy""",,,https://docs.google.com/presentation/d/1C9UmqOIPMqgaZFsYWekBFT7ViPs9Fj1v7C24-3kJIrc/edit#slide=id.gb7b2774d68_0_0,,,"“Free-Energy Principle, Computationalism and Realism: a Tragedy"""
Livestream,Livestream #015.0,1/27/2021,https://youtu.be/6Z-6p1XPn8A,"“Free-Energy Principle, Computationalism and Realism: a Tragedy""",,,https://docs.google.com/presentation/d/1uk-3Eom6g5FILjAW3ZxPEncIvn9ZQ2Pu79pnreanA64/edit#slide=id.gb7b2774d68_0_0,,,"“Free-Energy Principle, Computationalism and Realism: a Tragedy"""
Livestream,Livestream #014.2,1/26/2021,https://youtu.be/4Mu8lDqzBog,“The Math is not the Territory: Navigating the Free Energy Principle”,,,https://docs.google.com/presentation/d/1Cg-kPpC9EJERZ6EE2jyYY1uwOjyKt9iQBp7rDEsXSSA/edit#slide=id.gb8d5556bd5_0_0,,,“The Math is not the Territory: Navigating the Free Energy Principle”
Livestream,Livestream #014.1,1/19/2021,https://youtu.be/gQQyd8Hd3AA,“The Math is not the Territory: Navigating the Free Energy Principle”,,,https://docs.google.com/presentation/d/1zR59fYvswFksbYq0AjqhPBoRLRFG3OekkvlpH_4HfAY/edit#slide=id.gb718902657_0_0,,,“The Math is not the Territory: Navigating the Free Energy Principle”
Livestream,Livestream #014.0,1/16/2021,https://www.youtube.com/watch?v=Uheml5XRCWk,“The Math is not the Territory: Navigating the Free Energy Principle”,,,https://docs.google.com/presentation/d/1nLhnwipxGXykAPCWEPrlWAwgA6tiaFhJgdGdDaUQqoQ/edit#slide=id.gb30e549993_0_0,,,“The Math is not the Territory: Navigating the Free Energy Principle”
Livestream,Livestream #013.2,1/12/2021,https://youtu.be/PyyHd4P8dbs,Integrating Cybernetic Big Five Theory with the Free Energy Principle: A new strategy for modeling personalities as complex systems,,,https://docs.google.com/presentation/d/1XG1blc-SWx6wbPEe9rHhDJOh72scFlqNKUSar5JP1XA/edit#slide=id.gaa358daca6_0_0,,,Integrating Cybernetic Big Five Theory with the Free Energy Principle: A new strategy for modeling personalities as complex systems
Livestream,Livestream #013.1,1/5/2021,https://youtu.be/QG2gOoX4XdA,Integrating Cybernetic Big Five Theory with the Free Energy Principle: A new strategy for modeling personalities as complex systems,,,https://docs.google.com/presentation/d/1nUK1ViR9QBhyWKnx7aSUyRIFK_bhV7uH4q8qR30bEMg/edit#slide=id.gaa358daca6_0_0,Adam Safron,"Daniel Friedman,Bleu Knight,Shannon Proksch,Stephen Sillett,Marco Lin",Integrating Cybernetic Big Five Theory with the Free Energy Principle: A new strategy for modeling personalities as complex systems
Livestream,Livestream #013.0,1/3/2021,https://youtu.be/8dPps0qLrp4,Integrating Cybernetic Big Five Theory with the Free Energy Principle: A new strategy for modeling personalities as complex systems,,,https://docs.google.com/presentation/d/1ExLwMwVIpquntz0u4QfdtvzlJpUMaK1Q-NMHbxlyRdk/edit,,Daniel Friedman,Integrating Cybernetic Big Five Theory with the Free Energy Principle: A new strategy for modeling personalities as complex systems
Livestream,Livestream #012.0,12/30/2020,https://youtu.be/qGQljJRCB0g,2020 Review and 2021 Directions,,,,,Daniel Friedman,n/a
Livestream,Livestream #011.2,12/29/2020,https://youtu.be/gx9yAF607ko,Sophisticated Affective Inference: Simulating Anticipatory Affective Dynamics of Imagining Future Events,,,,,,Sophisticated Affective Inference: Simulating Anticipatory Affective Dynamics of Imagining Future Events
Livestream,Livestream #011.1,12/22/2020,https://youtu.be/xCqavxpiw44,Sophisticated Affective Inference: Simulating Anticipatory Affective Dynamics of Imagining Future Events,,,,,,Sophisticated Affective Inference: Simulating Anticipatory Affective Dynamics of Imagining Future Events
Livestream,Livestream #011.0,12/16/2020,https://youtu.be/HSu9sDa6-BQ,Sophisticated Affective Inference: Simulating Anticipatory Affective Dynamics of Imagining Future Events,,,,,,Sophisticated Affective Inference: Simulating Anticipatory Affective Dynamics of Imagining Future Events
Livestream,Livestream #010.2,12/15/2020,https://youtu.be/IGKUS1W25rY,A variational approach to scripts,,,,,,A variational approach to scripts
Livestream,Livestream #010.1,12/8/2020,https://youtu.be/3Sg1sAlgQaM,A variational approach to scripts,,,,,"Daniel Friedman,Mahault Albarracin,Shannon Proksch,RJ Cordes,Bleu Knight,Ivan Metelkin,Sasha Mikhailova",A variational approach to scripts
Livestream,Livestream #010.0,12/2/2020,https://youtu.be/5DB77oxbABo,A variational approach to scripts,,,,,,A variational approach to scripts
Livestream,Livestream #009.2,12/1/2020,https://youtu.be/XYRKlh2c-ps,The Projective Consciousness Model and Phenomenal Selfhood,,,,,,The Projective Consciousness Model and Phenomenal Selfhood
Livestream,Livestream #009.1,11/24/2020,https://youtu.be/pSWRTkmR8eg,The Projective Consciousness Model and Phenomenal Selfhood,,,,,"Daniel Friedman,Alex Kiefer,Shannon Proksch,Mathias Quoy,Ivan Metelkin,Sasha Mikhailova,Alex Vyatkin,Stephen Sillett,Lee Eyre",The Projective Consciousness Model and Phenomenal Selfhood
Livestream,Livestream #009.0,11/18/2020,https://youtu.be/XnOfWFnN2iI,The Projective Consciousness Model and Phenomenal Selfhood,,,,,,The Projective Consciousness Model and Phenomenal Selfhood
Livestream,Livestream #008.2,11/17/2020,https://youtu.be/gv8RuRiZTQA,Scaling active inference,,,,Alec Tschantz,"Daniel Friedman,Bleu Knight",Scaling active inference
Livestream,Livestream #008.0,11/14/2020,https://youtu.be/kXw1CPRkJCw,Scaling active inference,,,,,Daniel Friedman,Scaling active inference
Livestream,Livestream #008.1,11/10/2020,https://youtu.be/zG0qP7un91k,Scaling active inference,,,,,,Scaling active inference
Livestream,Livestream #007.2,11/3/2020,https://youtu.be/qf4S9bK5VKQ,Variational ecology and the physics of sentient systems,,,,Maxwell Ramstead,"Daniel Friedman,Sasha Mikhailova,Shannon Proksch,Stephen Sillett",Variational ecology and the physics of sentient systems
Livestream,Livestream #007.1,10/27/2020 7:00 AM,https://youtu.be/72g62XJ-SpA,Variational ecology and the physics of sentient systems,,,,Maxwell Ramstead,"Daniel Friedman,Alex Vyatkin,Shannon Proksch,Sasha Mikhailova,Stephen Sillett,Lee Eyre,Martin Biehl,Muddy Bhatt",Variational ecology and the physics of sentient systems
Livestream,Livestream #007.0,10/23/2020 7:00 AM,https://youtu.be/7cJ8dmO3qlY,Variational ecology and the physics of sentient systems,,,,,Daniel Friedman,Variational ecology and the physics of sentient systems
Livestream,Livestream #006.2,10/20/2020 7:00 AM,https://youtu.be/y4tljwMAWho,A tale of two densities: active inference is enactive inference,,,,Maxwell Ramstead,"Daniel Friedman,Alejandra Ciria,Alex Vyatkin,Alex Kiefer,Shannon Proksch,Sasha Mikhailova,Mel Andrews",A tale of two densities: active inference is enactive inference
Livestream,Livestream #006.1,10/13/2020 7:00 AM,https://youtu.be/9IIsoNMRSb8,A tale of two densities: active inference is enactive inference,,,,Maxwell Ramstead,"Daniel Friedman,Lee Eyre,Alejandra Ciria,Alex Vyatkin,John Clippinger,Alex Kiefer,Shannon Proksch,Sasha Mikhailova,Stephen Sillett,Mathais",A tale of two densities: active inference is enactive inference
Livestream,Livestream #006.0,10/9/2020 7:00 AM,https://youtu.be/jHWCQ1dpoK0,A tale of two densities: active inference is enactive inference,,,,,Daniel Friedman,A tale of two densities: active inference is enactive inference
Livestream,Livestream #005.2,10/6/2020,https://youtu.be/V7yNq_KpHo8,Multiscale integration: beyond internalism and externalism,,,,,,Multiscale integration: beyond internalism and externalism
Livestream,Livestream #005.1,9/29/2020,https://youtu.be/B6Uqf_T-nec,Multiscale integration: beyond internalism and externalism,,,,,,Multiscale integration: beyond internalism and externalism
Livestream,Livestream #005.0,9/27/2020,https://youtu.be/g2n47dPUyNY,Multiscale integration: beyond internalism and externalism,,,,,,Multiscale integration: beyond internalism and externalism
Livestream,Livestream #004.2,9/22/2020,https://youtu.be/SAc1F1AWRAs,Cultural Affordances: Scaffolding Local Worlds Through Shared Intentionality and Regimes of Attention,,,,,,Cultural Affordances: Scaffolding Local Worlds Through Shared Intentionality and Regimes of Attention
Livestream,Livestream #004.1,9/15/2020,https://youtu.be/Y6qx6C1tmjs,Cultural Affordances: Scaffolding Local Worlds Through Shared Intentionality and Regimes of Attention,,,,,,Cultural Affordances: Scaffolding Local Worlds Through Shared Intentionality and Regimes of Attention
Livestream,Livestream #003.2,9/2/2020,https://youtu.be/ijuxHfPDd3U,A World Unto Itself: Human Communication as Active Inference,,,,,,A World Unto Itself: Human Communication as Active Inference
Livestream,Livestream #003.1,8/25/2020,https://youtu.be/mz7L4GD5g-E,A World Unto Itself: Human Communication as Active Inference,,,,,,A World Unto Itself: Human Communication as Active Inference
Livestream,Livestream #002,8/11/2020 10:00 AM,https://youtu.be/601-lt_8eVE,Is the free-energy principle a formal theory of semantics? From variational density dynamics to neural and phenotypic representations,,,,,"Ivan Metelkin,Sasha Mikhailova,Daniel Friedman",Is the free-energy principle a formal theory of semantics? From variational density dynamics to neural and phenotypic representations
Livestream,Livestream #001,7/28/2020 10:00 AM,https://youtu.be/C94WDXAe4EE,Narrative as active inference,,,,,"Ivan Metelkin,Alex Vyatkin,Daniel Friedman",Narrative as active inference
Symposium,Symposium Robotics 2022,7/31/2022,https://youtu.be/zm2d9o5n0PU,"2nd Applied Active Inference Symposium, part 1",https://zenodo.org/record/7402485,https://github.com/ActiveInferenceInstitute/ActiveInferenceJournal/tree/main/Applied%20Active%20Inference%20Symposium/2022%20Symposium%20on%20Robotics,,"Tim Schneider,Tim Verbelen,Ben White,Noor Sajid,Wen-Hua Chen",,2nd Applied Active Inference Symposium Program
Symposium,Symposium Robotics 2022,7/31/2022,https://youtu.be/dTVHHenms_Y,"2nd Applied Active Inference Symposium, part 2",https://zenodo.org/record/7402485,https://github.com/ActiveInferenceInstitute/ActiveInferenceJournal/tree/main/Applied%20Active%20Inference%20Symposium/2022%20Symposium%20on%20Robotics,,"Bruno Lara,Matt Brown,Adam Safron,JF Cloutier,Karl J Friston",,2nd Applied Active Inference Symposium Program
Symposium,Symposium Karl Friston 2021,6/21/2021,https://youtu.be/INRaCBikpso,"1st Applied Active Inference Symposium, part 1 (.edu)",https://zenodo.org/record/5797072,https://github.com/ActiveInferenceInstitute/ActiveInferenceJournal/tree/main/Applied%20Active%20Inference%20Symposium/2021%20Symposium%20with%20Karl%20Friston,https://docs.google.com/presentation/d/1gU16Kv-P7GFABKOeaC0P_axW9DllHuc7hoLKx-TVhTg/edit?usp=sharing,Karl J Friston,,"Transcript of: Karl Friston, 1st Applied Active Inference Symposium, Active Inference Lab, June 21, 2021"
Symposium,Symposium Karl Friston 2021,6/21/2021,https://youtu.be/INRaCBikpso,"1st Applied Active Inference Symposium, part 2 (.comms)",https://zenodo.org/record/5797072,https://github.com/ActiveInferenceInstitute/ActiveInferenceJournal/tree/main/Applied%20Active%20Inference%20Symposium/2021%20Symposium%20with%20Karl%20Friston,https://docs.google.com/presentation/d/1gU16Kv-P7GFABKOeaC0P_axW9DllHuc7hoLKx-TVhTg/edit?usp=sharing,Karl J Friston,,"Transcript of: Karl Friston, 1st Applied Active Inference Symposium, Active Inference Lab, June 21, 2021"
Symposium,Symposium Karl Friston 2021,6/21/2021,https://youtu.be/hW9IiOujS1E,"1st Applied Active Inference Symposium, part 3 (.tools)",https://zenodo.org/record/5797072,https://github.com/ActiveInferenceInstitute/ActiveInferenceJournal/tree/main/Applied%20Active%20Inference%20Symposium/2021%20Symposium%20with%20Karl%20Friston,https://docs.google.com/presentation/d/1gU16Kv-P7GFABKOeaC0P_axW9DllHuc7hoLKx-TVhTg/edit?usp=sharing,Karl J Friston,,"Transcript of: Karl Friston, 1st Applied Active Inference Symposium, Active Inference Lab, June 21, 2021"
MathStream,MathStream #004.1,9/13/2022,https://youtu.be/aN1GXOZp6xY,"David Spivak, Category Theory",,,,David Spivak,"Daniel Friedman,Bleu Knight",
MathStream,MathStream #003.1,6/9/2021,https://youtu.be/bBE2w_BpuAw,Shanna Dobson et al,,,https://docs.google.com/presentation/d/1_tqPS1D54F83tzGhXSXIUVbv93o6JlR-bkk-Ok3e23I/edit?usp=sharing,"Shanna Dobson,Robert Prentner,Adam Safron","Bleu Knight,Daniel Friedman",
MathStream,MathStream #002.1,5/6/2021,https://youtu.be/RQb6wLWoYok,“Diamond Holographic Principle and D-Emergent Time”,,,,Shanna Dobson,Daniel Friedman,
MathStream,MathStream #001.1,3/24/2021,https://youtu.be/1HKjMeEGLyY," ""Emergent Time and Chromatic Types""",,,,Shanna Dobson,"Cere Davis,Daniel Friedman",
OrgStream,OrgStream #003.1,11/3/2022,https://youtu.be/OwGNVmQIO9E,Governing Continuous Transformation: Re-framing the Strategy-Governance Conversation,,,,Bijan Khezri,Daniel Friedman,
OrgStream,OrgStream #002.1,1/21/2022,https://youtu.be/eUBT37LMlLo,Eugene Leventhal,https://zenodo.org/record/7447879,https://github.com/ActiveInferenceInstitute/ActiveInferenceJournal/tree/main/OrgStream/OrgStream_002,,Eugene Leventhal,Daniel Friedman,
OrgStream,OrgStream #001.1,10/28/2021,https://youtu.be/bUr87RcOQUQ,Richard D. Bartlett,https://zenodo.org/record/7447856,https://github.com/ActiveInferenceInstitute/ActiveInferenceJournal/tree/main/OrgStream/OrgStream_001,,Richard Bartlett,Daniel Friedman,
Twitter Spaces,Twitter Spaces #002,9/14/2022,https://youtu.be/Sb8A0jNzWPE,Can Web3 survive without cognitive modeling?,https://zenodo.org/record/7447924,https://github.com/ActiveInferenceInstitute/ActiveInferenceJournal/tree/main/Twitter%20Spaces/TwitterSpaces_002,,,,
Twitter Spaces,Twitter Spaces #001,12/9/2021,https://youtu.be/3SjbReGPZME,What is Buddha Mind? How does Active Inference relate?,https://zenodo.org/record/7447905,https://github.com/ActiveInferenceInstitute/ActiveInferenceJournal/tree/main/Twitter%20Spaces/TwitterSpaces_001,n/a,Krzysztof Woś,"Daniel Friedman,Bleu Knight",n/a
ReviewStream,"ReviewStream ",12/31/2022,https://youtu.be/4IL6KtlCn_o,2022 Active Inference Livestream Review,,https://github.com/ActiveInferenceInstitute/ActiveInferenceJournal/tree/main/ReviewStream/End%20of%202022%20Review,,,"Dean Tickles,Daniel Friedman",n/a
BookStream,BookStream #001.012,3/21/2023,https://www.youtube.com/watch?v=5IGzzm28qec,Governing Continuous Transformation,,,,,,
BookStream,BookStream #001.010,3/14/2023,https://www.youtube.com/watch?v=eIZjx0miM9o,Governing Continuous Transformation,,,https://docs.google.com/presentation/d/1JBxTlRk1TsPHCFp6VQjUHzas3EcacwqrFmD90vKwliM/edit#slide=id.gc77d90b7ef_1_17,,,
BookStream,BookStream #002.1,2/27/2023,https://www.youtube.com/watch?v=xlrZ00NQNHo,"Active Inference: The Free Energy Principle in Mind, Brain, and Behavior",,https://github.com/ActiveInferenceInstitute/ActiveInferenceJournal/tree/main/BookStream/BookStream_001,,Thomas Parr,Thomas Parr,"Active Inference: The Free Energy Principle in Mind, Brain, and Behavior"
BookStream,BookStream #001.2,2/15/2023,https://www.youtube.com/watch?v=DQhPABvJBFk,Governing Continuous Transformation,,,https://docs.google.com/presentation/d/16_LB77KnOPMzkDcKQYG3EawKGhDtL4ZJTGuwNIPsIHg/edit#slide=id.gc77d90b7ef_1_17,Bijan Khezri,"Bleu Knight,Tyler Sullberg,Daniel Friedman",
BookStream,BookStream #001.09,2/7/2023,https://youtu.be/3oFfxaKBBXY,Governing Continuous Transformation: Re-framing the Strategy-Governance Conversation,,,https://docs.google.com/presentation/d/1aeSoPa_0m3DKOjRV4Oq39XaJvVZ8ypchpbPbwgt1x0c/edit#slide=id.gc77d90b7ef_1_17,,"Bleu Knight,Daniel Friedman,Tyler Sullberg",
BookStream,BookStream #001.08,1/31/2023,https://youtu.be/yNZg5b63hb8,Governing Continuous Transformation: Re-framing the Strategy-Governance Conversation,,,https://docs.google.com/presentation/d/1WXYg04cTc-ufnAFNCVZyVoGmQwGoZTJrusw4EeqJ-Kw/edit#slide=id.gc77d90b7ef_1_17,,"Bleu Knight,Daniel Friedman,Tyler Sullberg",
BookStream,BookStream #001.07,1/24/2023,https://youtu.be/0_yvUA0lsdI,Governing Continuous Transformation: Re-framing the Strategy-Governance Conversation,,,https://docs.google.com/presentation/d/1o0bJjU0_snBbur4XFwH7gtAw9jzxbPqRr4zOabdPbWI/edit#slide=id.gc77d90b7ef_1_17,,"Bleu Knight,Daniel Friedman,Tyler Sullberg",
BookStream,BookStream #001.06,1/17/2023,https://youtu.be/0P_6ME2LpCw,Governing Continuous Transformation: Re-framing the Strategy-Governance Conversation,,https://github.com/ActiveInferenceInstitute/ActiveInferenceJournal/tree/main/BookStream/BookStream_001,https://docs.google.com/presentation/d/1gTiXABZ9SnjqxuinTE_EP25k0ii89EReW-V2j1XbFS8/edit#slide=id.gc77d90b7ef_1_17,,"Bleu Knight,Tyler Sullberg,Daniel Friedman",
BookStream,BookStream #001.1,1/11/2023,https://youtu.be/FB_93-zDqNo,Governing Continuous Transformation: Re-framing the Strategy-Governance Conversation,,https://github.com/ActiveInferenceInstitute/ActiveInferenceJournal/tree/main/BookStream/BookStream_001,,Bijan Khezri,"Bleu Knight,Tyler Sullberg,Daniel Friedman",Governing Continuous Transformation Re-framing the Strategy-Governance Conversation
BookStream,BookStream #001.04,1/3/2023,https://youtu.be/BPzwSTalH5E,Governing Continuous Transformation: Re-framing the Strategy-Governance Conversation,,https://github.com/ActiveInferenceInstitute/ActiveInferenceJournal/tree/main/BookStream/BookStream_001,https://docs.google.com/presentation/d/1PFsnbbb9sxTrjLi97ViLLELbshmFCEJtHRyFJ0DoZqU/edit,,,https://link.springer.com/book/10.1007/978-3-030-95473-4
BookStream,BookStream #001.03,12/27/2022,https://youtu.be/rCmq0TVGpW0,Governing Continuous Transformation: Re-framing the Strategy-Governance Conversation,,https://github.com/ActiveInferenceInstitute/ActiveInferenceJournal/tree/main/BookStream/BookStream_001,https://docs.google.com/presentation/d/1xTyYiArS1wnRvFN472STBjuvAmCTx7PGV1lKCjnpq9Y/edit,,"Bleu Knight,Tyler Sullberg,Daniel Friedman",Governing Continuous Transformation Re-framing the Strategy-Governance Conversation
BookStream,BookStream #001.02,12/13/2022,https://youtu.be/d8c0iFU8vms,Governing Continuous Transformation: Re-framing the Strategy-Governance Conversation,https://zenodo.org/record/7447994,https://github.com/ActiveInferenceInstitute/ActiveInferenceJournal/tree/main/BookStream/BookStream_001,https://docs.google.com/presentation/d/1Vqa0hKgkxQ0Qim9rUkzSigBbFqq0RjUHhs2gpGyeKbA/edit,,"Bleu Knight,Tyler Sullberg,Daniel Friedman",Governing Continuous Transformation Re-framing the Strategy-Governance Conversation
BookStream,BookStream #001.01,12/6/2022,https://youtu.be/thO3nsvgego,Governing Continuous Transformation: Re-framing the Strategy- Governance Conversation,https://zenodo.org/record/7447994,https://github.com/ActiveInferenceInstitute/ActiveInferenceJournal/tree/main/BookStream/BookStream_001,https://docs.google.com/presentation/d/10RKG4KKbu0W9FGFgyzqMpBlvyG7lu87Kv5oC4iksUcM/edit#slide=id.g1916c80bcea_0_110,,"Bleu Knight,Tyler Sullberg,Daniel Friedman",Governing Continuous Transformation Re-framing the Strategy-Governance Conversation
"Parr, Pezzulo, Friston 2022 Textbook","Parr, Pezzulo, Friston 2022 Textbook Cohort 1, Chapter 10",11/11/2022,https://youtu.be/DrNJfmf_IdA,"Cohort 1 Textbook Group (full playlist) of “Active Inference The Free Energy Principle in Mind, Brain, and Behavior” (Parr, Pezzulo, Friston 2022)",,,,,,
"Parr, Pezzulo, Friston 2022 Textbook","Parr, Pezzulo, Friston 2022 Textbook Cohort 1, Chapter 10",11/4/2022,https://youtu.be/7Ti-r8f15So,"Cohort 1 Textbook Group (full playlist) of “Active Inference The Free Energy Principle in Mind, Brain, and Behavior” (Parr, Pezzulo, Friston 2022)",,,,,,
"Parr, Pezzulo, Friston 2022 Textbook","Parr, Pezzulo, Friston 2022 Textbook Cohort 1, Chapter 9",10/28/2022,https://youtu.be/GYBF_c-ajgI,"Cohort 1 Textbook Group (full playlist) of “Active Inference The Free Energy Principle in Mind, Brain, and Behavior” (Parr, Pezzulo, Friston 2022)",,,,,,
"Parr, Pezzulo, Friston 2022 Textbook","Parr, Pezzulo, Friston 2022 Textbook Cohort 1, Chapter 9",10/21/2022,https://youtu.be/HCuGxvefPOE,"Cohort 1 Textbook Group (full playlist) of “Active Inference The Free Energy Principle in Mind, Brain, and Behavior” (Parr, Pezzulo, Friston 2022)",,,,,,
"Parr, Pezzulo, Friston 2022 Textbook","Parr, Pezzulo, Friston 2022 Textbook Cohort 1, Chapter 8",10/14/2022,https://youtu.be/QvAApEfYBmk,"Cohort 1 Textbook Group (full playlist) of “Active Inference The Free Energy Principle in Mind, Brain, and Behavior” (Parr, Pezzulo, Friston 2022)",,,,,,
"Parr, Pezzulo, Friston 2022 Textbook","Parr, Pezzulo, Friston 2022 Textbook Cohort 1, Chapter 8",10/7/2022,https://youtu.be/dLWepm5noE8,"Cohort 1 Textbook Group (full playlist) of “Active Inference The Free Energy Principle in Mind, Brain, and Behavior” (Parr, Pezzulo, Friston 2022)",,,,,,
"Parr, Pezzulo, Friston 2022 Textbook","Parr, Pezzulo, Friston 2022 Textbook Cohort 1, Chapter 7",9/30/2022,https://youtu.be/wNrcVOKwpOY,"Cohort 1 Textbook Group (full playlist) of “Active Inference The Free Energy Principle in Mind, Brain, and Behavior” (Parr, Pezzulo, Friston 2022)",,,,,,
"Parr, Pezzulo, Friston 2022 Textbook","Parr, Pezzulo, Friston 2022 Textbook Cohort 1, Chapter 7",9/23/2022,https://youtu.be/8HKcr0bOLG4,"Cohort 1 Textbook Group (full playlist) of “Active Inference The Free Energy Principle in Mind, Brain, and Behavior” (Parr, Pezzulo, Friston 2022)",,,,,,
"Parr, Pezzulo, Friston 2022 Textbook","Parr, Pezzulo, Friston 2022 Textbook Cohort 1, Chapter 6",9/16/2022,https://youtu.be/8DlXH6Wk_h8,"Cohort 1 Textbook Group (full playlist) of “Active Inference The Free Energy Principle in Mind, Brain, and Behavior” (Parr, Pezzulo, Friston 2022)",,,,,,
"Parr, Pezzulo, Friston 2022 Textbook","Parr, Pezzulo, Friston 2022 Textbook Cohort 1, Chapter 6",9/9/2022,https://youtu.be/4q-UYQMMrDg,"Cohort 1 Textbook Group (full playlist) of “Active Inference The Free Energy Principle in Mind, Brain, and Behavior” (Parr, Pezzulo, Friston 2022)",,,,,,
"Parr, Pezzulo, Friston 2022 Textbook","Parr, Pezzulo, Friston 2022 Textbook Review & Welcome",9/2/2022,https://youtu.be/ogvzkg-0qjY,"Cohort 1 Textbook Group (full playlist) of “Active Inference The Free Energy Principle in Mind, Brain, and Behavior” (Parr, Pezzulo, Friston 2022)",,,,,,
"Parr, Pezzulo, Friston 2022 Textbook","Parr, Pezzulo, Friston 2022 Textbook Feedback & Projects",7/28/2022,https://youtu.be/Cd6rz0HzOe8,"Cohort 1 Textbook Group (full playlist) of “Active Inference The Free Energy Principle in Mind, Brain, and Behavior” (Parr, Pezzulo, Friston 2022)",,,,,,
"Parr, Pezzulo, Friston 2022 Textbook","Parr, Pezzulo, Friston 2022 Textbook Part 1 review & synthesis",7/21/2022,https://youtu.be/kpBrzN8X1ZA,"Cohort 1 Textbook Group (full playlist) of “Active Inference The Free Energy Principle in Mind, Brain, and Behavior” (Parr, Pezzulo, Friston 2022)",,,,,,
"Parr, Pezzulo, Friston 2022 Textbook","Parr, Pezzulo, Friston 2022 Textbook Cohort 1, Chapter 5",7/14/2022,https://youtu.be/ZATda5W08qY,"Cohort 1 Textbook Group (full playlist) of “Active Inference The Free Energy Principle in Mind, Brain, and Behavior” (Parr, Pezzulo, Friston 2022)",,,,,,
"Parr, Pezzulo, Friston 2022 Textbook","Parr, Pezzulo, Friston 2022 Textbook Cohort 1, Chapter 5",7/7/2022,https://youtu.be/NT30pJ_sb6A,"Cohort 1 Textbook Group (full playlist) of “Active Inference The Free Energy Principle in Mind, Brain, and Behavior” (Parr, Pezzulo, Friston 2022)",,,,,,
"Parr, Pezzulo, Friston 2022 Textbook","Parr, Pezzulo, Friston 2022 Textbook Cohort 1, Chapter 4",6/30/2022,https://youtu.be/rvwMeZpA91U,"Cohort 1 Textbook Group (full playlist) of “Active Inference The Free Energy Principle in Mind, Brain, and Behavior” (Parr, Pezzulo, Friston 2022)",,,,,,
"Parr, Pezzulo, Friston 2022 Textbook","Parr, Pezzulo, Friston 2022 Textbook Cohort 1, Chapter 4",6/23/2022,https://youtu.be/08iZGLAqI8E,"Cohort 1 Textbook Group (full playlist) of “Active Inference The Free Energy Principle in Mind, Brain, and Behavior” (Parr, Pezzulo, Friston 2022)",,,,,,
"Parr, Pezzulo, Friston 2022 Textbook","Parr, Pezzulo, Friston 2022 Textbook Cohort 1, Chapter 3",6/16/2022,https://youtu.be/AKeKLERgmQA,"Cohort 1 Textbook Group (full playlist) of “Active Inference The Free Energy Principle in Mind, Brain, and Behavior” (Parr, Pezzulo, Friston 2022)",,,,,,
"Parr, Pezzulo, Friston 2022 Textbook","Parr, Pezzulo, Friston 2022 Textbook Cohort 1, Chapter 3",6/9/2022,https://youtu.be/MXbknE8EZp0,"Cohort 1 Textbook Group (full playlist) of “Active Inference The Free Energy Principle in Mind, Brain, and Behavior” (Parr, Pezzulo, Friston 2022)",,,,,,
"Parr, Pezzulo, Friston 2022 Textbook","Parr, Pezzulo, Friston 2022 Textbook Cohort 1, Chapter 2",6/2/2022,https://youtu.be/JJaQ0F81Ucs,"Cohort 1 Textbook Group (full playlist) of “Active Inference The Free Energy Principle in Mind, Brain, and Behavior” (Parr, Pezzulo, Friston 2022)",,,,,,
"Parr, Pezzulo, Friston 2022 Textbook","Parr, Pezzulo, Friston 2022 Textbook Cohort 1, Chapter 2",5/26/2022,https://www.youtube.com/watch?v=Z7Z29pu6NnY&list=PLNm0u2n1Iwdq74rPEYLx4VwYCI_QiXbEd,"Cohort 1 Textbook Group (full playlist) of “Active Inference The Free Energy Principle in Mind, Brain, and Behavior” (Parr, Pezzulo, Friston 2022)",,,,,,
"Parr, Pezzulo, Friston 2022 Textbook","Parr, Pezzulo, Friston 2022 Textbook Cohort 1, Appendix",5/19/2022,https://youtu.be/8OT2EC-l0N4,"Cohort 1 Textbook Group (full playlist) of “Active Inference The Free Energy Principle in Mind, Brain, and Behavior” (Parr, Pezzulo, Friston 2022)",,,,,,
"Parr, Pezzulo, Friston 2022 Textbook","Parr, Pezzulo, Friston 2022 Textbook Cohort 1, Chapter 1",5/12/2022,https://youtu.be/pJy1M1RnirA,"Cohort 1 Textbook Group (full playlist) of “Active Inference The Free Energy Principle in Mind, Brain, and Behavior” (Parr, Pezzulo, Friston 2022)",,,,,,
"Parr, Pezzulo, Friston 2022 Textbook","Parr, Pezzulo, Friston 2022 Textbook Cohort 1 Onboarding",5/5/2022,https://www.youtube.com/watch?v=ogV63M3uTlQ&list=PLNm0u2n1Iwdq74rPEYLx4VwYCI_QiXbEd,"Cohort 1 Textbook Group (full playlist) of “Active Inference The Free Energy Principle in Mind, Brain, and Behavior” (Parr, Pezzulo, Friston 2022)",,,,,,
Roundtable,Roundtable 2023.4,12/29/2023,https://www.youtube.com/watch?v=rKrrpoVbwWQ,2023 Quarterly Roundtable #4,,,,,,
Roundtable,Roundtable 2023.3,9/29/2023,https://www.youtube.com/watch?v=93-rNtJR-9I,2023 Quarterly Roundtable #3,,,,,,
Roundtable,Roundtable 2023.2,6/30/2023,https://www.youtube.com/watch?v=aJ9Py86ZFjU,2023 Quarterly Roundtable #2,,,,,,
Roundtable,Roundtable 2023.1,3/31/2023,https://www.youtube.com/watch?v=XYMPAAynUu8,2023 Quarterly Roundtable #1,,,,,,
Roundtable,Roundtable 2022.4,12/14/2022,https://youtu.be/W0637hJm_D4,2022 Quarterly Roundtable #4,https://zenodo.org/record/7448383,https://github.com/ActiveInferenceInstitute/ActiveInferenceJournal/tree/main/Roundtable/Roundtable_2022.4,https://docs.google.com/presentation/d/1_HYRnKMsKD8_d0aORvTT76DsJcGxCEgIpx1vONOcFlc/edit?usp=sharing,,,n/a
Roundtable,Roundtable 2022.3,9/28/2022,https://youtu.be/DJ9n6a8mMzM,2022 Quarterly Roundtable #3,https://zenodo.org/record/7448379,https://github.com/ActiveInferenceInstitute/ActiveInferenceJournal/tree/main/Roundtable/Roundtable_2022.3,https://docs.google.com/presentation/d/1-EoFvNCddwJT9zCihGofKVdu5-d0w6tfSU0sc_papLk/edit?usp=sharing,,,n/a
Roundtable,Roundtable 2022.2,6/29/2022,https://youtu.be/2s27lSZDqGM,2022 Quarterly Roundtable #2,https://zenodo.org/record/7448359,https://github.com/ActiveInferenceInstitute/ActiveInferenceJournal/tree/main/Roundtable/Roundtable_2022.2,https://docs.google.com/presentation/d/12i4-HtZeJlmPiIJsFOvVNNERVMBTrIrLYTW7Z1glfgg/edit?usp=sharing,,,n/a
Roundtable,Roundtable 2022.1,3/30/2022,https://youtu.be/ozuzf6Pvlyg,2022 Quarterly Roundtable #1,https://zenodo.org/record/7448349,https://github.com/ActiveInferenceInstitute/ActiveInferenceJournal/tree/main/Roundtable/Roundtable_2022.1,https://docs.google.com/presentation/d/1z9sd31xbDeDuIjCiuSztb_NgrJt16I9v37Qt3Pji1VI/edit?usp=sharing,,,n/a
Roundtable,Roundtable 2021.4,11/2/2021,https://youtu.be/j4dt5a1f30g,2021 Quarterly Roundtable #4,https://zenodo.org/record/7448342,https://github.com/ActiveInferenceInstitute/ActiveInferenceJournal/tree/main/Roundtable/Roundtable_2021.4,https://docs.google.com/presentation/d/1MzPuhRci_2hI88LWxKMRPsmEyhpJVpF9Ib3EG3_MDc8/edit?usp=sharing,,"Daniel Friedman,Bleu Knight,Ivan Metelkin,Stephen Sillett,Dave Douglass,Dean Tickles,Scott David,Alex Vyatkin,RJ Cordes",n/a
Roundtable,Roundtable 2021.3,8/3/2021,https://youtu.be/hGoZierAPbU,2021 Quarterly Roundtable #3,https://zenodo.org/record/7448310,https://github.com/ActiveInferenceInstitute/ActiveInferenceJournal/tree/main/Roundtable/Roundtable_2021.3,https://docs.google.com/presentation/d/106RFUP8_afQ-ePZiMEJ_qky0M03-qw1Re8KuMiDCmY0/edit?usp=sharing,,"Daniel Friedman,Alex Vyatkin,Dave Douglass,Stephen Sillett,Scott David",n/a
Roundtable,Roundtable 2021.2,6/1/2021,https://youtu.be/AUXWQzpr2x8,2021 Quarterly Roundtable #2,https://zenodo.org/record/7448118,https://github.com/ActiveInferenceInstitute/ActiveInferenceJournal/tree/main/Roundtable/Roundtable_2021.2,https://docs.google.com/presentation/d/1WXFow-tmdiXIqCIbziRdh76r0_Gc24_8itJA40XYVYE/edit?usp=sharing,,"Daniel Friedman,Maria de Vasconcelos,Ivan Metelkin,Alex Vyatkin,Stephen Sillett,Dean Tickles,Bleu Knight",n/a
Roundtable,Roundtable 2021.1,3/2/2021,https://youtu.be/jaw0QmAvAQU,2021 Quarterly Roundtable #1,https://zenodo.org/record/7448058,https://github.com/ActiveInferenceInstitute/ActiveInferenceJournal/tree/main/Roundtable/Roundtable_2021.1,https://docs.google.com/presentation/d/1k68Ie51yY8u3s92Kf58Y8CxaT4GfDU6vhoVF_qtQ6sg/edit?usp=sharing,,"Daniel Friedman,Stephen Sillett,Alex Vyatkin,Scott David,Sasha Mikhailova,Ivan Metelkin,Bleu Knight",n/a
Chris Fields ~ Physics As Information Processing ~ 2023,Chris Fields ~ Physics As Information Processing ~ 2023 Discussion 6,10/28/2023,https://www.youtube.com/watch?v=dAolShffDWo&list=PLNm0u2n1Iwdq0UnnnnkUr446lUz00x6E7&,Discussion 6 — Course information,,,https://www.activeinference.org/education/Physics-Fields-2023,"Ander Aguirre ",Daniel Friedman,
Chris Fields ~ Physics As Information Processing ~ 2023,Chris Fields ~ Physics As Information Processing ~ 2023 Lecture 6,10/12/2023,https://www.youtube.com/watch?v=bSPQ3BkqTh4&list=PLNm0u2n1Iwdq0UnnnnkUr446lUz00x6E7&,Lecture 6 — Course information,,,https://www.activeinference.org/education/Physics-Fields-2023,Chris Fields,Daniel Friedman,
Chris Fields ~ Physics As Information Processing ~ 2023,Chris Fields ~ Physics As Information Processing ~ 2023 Discussion 5,9/30/2023,https://www.youtube.com/watch?v=_NfqCpsZPeM&list=PLNm0u2n1Iwdq0UnnnnkUr446lUz00x6E7&,Discussion 5 — Course information,,,https://www.activeinference.org/education/Physics-Fields-2023,"Ander Aguirre ",Daniel Friedman,
Chris Fields ~ Physics As Information Processing ~ 2023,Chris Fields ~ Physics As Information Processing ~ 2023 Lecture 5,9/14/2023,https://www.youtube.com/watch?v=Il9sBNAia7g&list=PLNm0u2n1Iwdq0UnnnnkUr446lUz00x6E7,Lecture 5 — Course information,,,https://www.activeinference.org/education/Physics-Fields-2023,Chris Fields,Daniel Friedman,
Chris Fields ~ Physics As Information Processing ~ 2023,Chris Fields ~ Physics As Information Processing ~ 2023 Discussion 4,8/26/2023,https://www.youtube.com/watch?v=jWEcQVcgleM&list=PLNm0u2n1Iwdq0UnnnnkUr446lUz00x6E7&,Discussion 4 — Course information,,,https://www.activeinference.org/education/Physics-Fields-2023,"Ander Aguirre ",Daniel Friedman,
Chris Fields ~ Physics As Information Processing ~ 2023,Chris Fields ~ Physics As Information Processing ~ 2023 Lecture 4,8/10/2023,https://www.youtube.com/watch?v=k55mAFCIQ60&list=PLNm0u2n1Iwdq0UnnnnkUr446lUz00x6E7&,Lecture 4 — Course information,,,https://www.activeinference.org/education/Physics-Fields-2023,Chris Fields,Daniel Friedman,
Chris Fields ~ Physics As Information Processing ~ 2023,Chris Fields ~ Physics As Information Processing ~ 2023 Discussion 3,7/29/2023,https://www.youtube.com/watch?v=hOto96Q8sYQ&list=PLNm0u2n1Iwdq0UnnnnkUr446lUz00x6E7&,Discussion 3 — Course information,,,https://www.activeinference.org/education/Physics-Fields-2023,"Ander Aguirre ",Daniel Friedman,
Chris Fields ~ Physics As Information Processing ~ 2023,Chris Fields ~ Physics As Information Processing ~ 2023 Lecture 3,7/13/2023,https://www.youtube.com/watch?v=TOZp_XNYijQ&list=PLNm0u2n1Iwdq0UnnnnkUr446lUz00x6E7&,Lecture 3 — Course information,,,https://www.activeinference.org/education/Physics-Fields-2023,Chris Fields,Daniel Friedman,
Chris Fields ~ Physics As Information Processing ~ 2023,Chris Fields ~ Physics As Information Processing ~ 2023 Discussion 2,7/1/2023,https://www.youtube.com/watch?v=hSj7eOYuZe4&list=PLNm0u2n1Iwdq0UnnnnkUr446lUz00x6E7&,Discussion 2 — Course information,,,https://www.activeinference.org/education/Physics-Fields-2023,"Ander Aguirre ",Daniel Friedman,
Chris Fields ~ Physics As Information Processing ~ 2023,Chris Fields ~ Physics As Information Processing ~ 2023 Lecture 2,6/15/2023,https://www.youtube.com/watch?v=WkWIqpxWRM4&list=PLNm0u2n1Iwdq0UnnnnkUr446lUz00x6E7,Lecture 2 — Course information,,,https://www.activeinference.org/education/Physics-Fields-2023,Chris Fields,Daniel Friedman,
Chris Fields ~ Physics As Information Processing ~ 2023,Chris Fields ~ Physics As Information Processing ~ 2023 Discussion 1,6/3/2023,https://www.youtube.com/watch?v=rOoTkgLI1Z8&list=PLNm0u2n1Iwdq0UnnnnkUr446lUz00x6E7,Discussion 1 — Course information,,,https://www.activeinference.org/education/Physics-Fields-2023,"Ander Aguirre ",Daniel Friedman,
Chris Fields ~ Physics As Information Processing ~ 2023,Chris Fields ~ Physics As Information Processing ~ 2023 Lecture 1,5/18/2023,https://www.youtube.com/watch?v=RpOrRw4EhTo&list=PLNm0u2n1Iwdq0UnnnnkUr446lUz00x6E7,Lecture 1 — Course information,,,https://www.activeinference.org/education/Physics-Fields-2023,Chris Fields,Daniel Friedman,